{"x": ["It", "also", "would", "cut", "its", "three-month-to-three-year", "time", "deposit", "rates", "by", "between", "0.05", "and", "0.10", "percentage", "points", ".", "Palestinian", "leaders", "in", "Jerusalem", "called", "on", "Tuesday", "for", "a", "two-hour", "strike", "to", "protest", "what", "they", "called", "Israel", "'s", "war", "on", "Arab", "East", "Jerusalem", "after", "police", "demolished", "a", "building", "there", ".", "Bystanders", "at", "the", "scene", "said", "work", "had", "begun", "on", "the", "building", "in", "1991", "and", "it", "had", "yet", "to", "be", "completed", "when", "the", "Israeli", "police", "bulldozed", "it", "."], "y": ["O", "O", "O", "O", "O", "O", "O", "O", "O", "O", "O", "O", "O", "O", "O", "O", "O", "B-MISC", "O", "O", "B-LOC", "O", "O", "O", "O", "O", "O", "O", "O", "O", "O", "O", "O", "B-LOC", "O", "O", "O", "B-LOC", "I-LOC", "I-LOC", "O", "O", "O", "O", "O", "O", "O", "O", "O", "O", "O", "O", "O", "O", "O", "O", "O", "O", "O", "O", "O", "O", "O", "O", "O", "O", "O", "O", "O", "B-MISC", "O", "O", "O", "O"], "sample_id": 0}
{"x": ["Palestinian", "leaders", "in", "Jerusalem", "called", "on", "Tuesday", "for", "a", "two-hour", "strike", "to", "protest", "what", "they", "called", "Israel", "'s", "war", "on", "Arab", "East", "Jerusalem", "after", "police", "demolished", "a", "building", "there", ".", "Bystanders", "at", "the", "scene", "said", "work", "had", "begun", "on", "the", "building", "in", "1991", "and", "it", "had", "yet", "to", "be", "completed", "when", "the", "Israeli", "police", "bulldozed", "it", ".", "The", "Palestinian", "Authority", "was", "set", "up", "under", "the", "1993", "PLO-Israel", "interim", "peace", "deal", "."], "y": ["B-MISC", "O", "O", "B-LOC", "O", "O", "O", "O", "O", "O", "O", "O", "O", "O", "O", "O", "B-LOC", "O", "O", "O", "B-LOC", "I-LOC", "I-LOC", "O", "O", "O", "O", "O", "O", "O", "O", "O", "O", "O", "O", "O", "O", "O", "O", "O", "O", "O", "O", "O", "O", "O", "O", "O", "O", "O", "O", "O", "B-MISC", "O", "O", "O", "O", "O", "B-ORG", "I-ORG", "O", "O", "O", "O", "O", "O", "B-MISC", "O", "O", "O", "O"], "sample_id": 1}
{"x": ["Bystanders", "at", "the", "scene", "said", "work", "had", "begun", "on", "the", "building", "in", "1991", "and", "it", "had", "yet", "to", "be", "completed", "when", "the", "Israeli", "police", "bulldozed", "it", ".", "The", "Palestinian", "Authority", "was", "set", "up", "under", "the", "1993", "PLO-Israel", "interim", "peace", "deal", ".", "\"", "This", "is", "a", "war", "that", "has", "been", "declared", "on", "us", "and", "we", "want", "our", "people", "to", "come", "and", "see", "the", "site", "where", "they", "declared", "the", "war", ".", "\""], "y": ["O", "O", "O", "O", "O", "O", "O", "O", "O", "O", "O", "O", "O", "O", "O", "O", "O", "O", "O", "O", "O", "O", "B-MISC", "O", "O", "O", "O", "O", "B-ORG", "I-ORG", "O", "O", "O", "O", "O", "O", "B-MISC", "O", "O", "O", "O", "O", "O", "O", "O", "O", "O", "O", "O", "O", "O", "O", "O", "O", "O", "O", "O", "O", "O", "O", "O", "O", "O", "O", "O", "O", "O", "O", "O", "O"], "sample_id": 2}
{"x": ["The", "Palestinian", "Authority", "was", "set", "up", "under", "the", "1993", "PLO-Israel", "interim", "peace", "deal", ".", "\"", "This", "is", "a", "war", "that", "has", "been", "declared", "on", "us", "and", "we", "want", "our", "people", "to", "come", "and", "see", "the", "site", "where", "they", "declared", "the", "war", ".", "\"", "Israel", "captured", "Arab", "East", "Jerusalem", "in", "the", "1967", "Middle", "East", "war", "and", "annexed", "it", "."], "y": ["O", "B-ORG", "I-ORG", "O", "O", "O", "O", "O", "O", "B-MISC", "O", "O", "O", "O", "O", "O", "O", "O", "O", "O", "O", "O", "O", "O", "O", "O", "O", "O", "O", "O", "O", "O", "O", "O", "O", "O", "O", "O", "O", "O", "O", "O", "O", "B-LOC", "O", "B-LOC", "I-LOC", "I-LOC", "O", "O", "O", "B-LOC", "I-LOC", "O", "O", "O", "O", "O"], "sample_id": 3}
{"x": ["\"", "This", "is", "a", "war", "that", "has", "been", "declared", "on", "us", "and", "we", "want", "our", "people", "to", "come", "and", "see", "the", "site", "where", "they", "declared", "the", "war", ".", "\"", "Israel", "captured", "Arab", "East", "Jerusalem", "in", "the", "1967", "Middle", "East", "war", "and", "annexed", "it", ".", "It", "says", "it", "will", "never", "cede", "any", "part", "of", "the", "city", "."], "y": ["O", "O", "O", "O", "O", "O", "O", "O", "O", "O", "O", "O", "O", "O", "O", "O", "O", "O", "O", "O", "O", "O", "O", "O", "O", "O", "O", "O", "O", "B-LOC", "O", "B-LOC", "I-LOC", "I-LOC", "O", "O", "O", "B-LOC", "I-LOC", "O", "O", "O", "O", "O", "O", "O", "O", "O", "O", "O", "O", "O", "O", "O", "O", "O"], "sample_id": 4}
{"x": ["Israel", "captured", "Arab", "East", "Jerusalem", "in", "the", "1967", "Middle", "East", "war", "and", "annexed", "it", ".", "It", "says", "it", "will", "never", "cede", "any", "part", "of", "the", "city", ".", "Palestinians", "want", "East", "Jerusalem", "as", "capital", "of", "a", "future", "state", "."], "y": ["B-LOC", "O", "B-LOC", "I-LOC", "I-LOC", "O", "O", "O", "B-LOC", "I-LOC", "O", "O", "O", "O", "O", "O", "O", "O", "O", "O", "O", "O", "O", "O", "O", "O", "O", "B-MISC", "O", "B-LOC", "I-LOC", "O", "O", "O", "O", "O", "O", "O"], "sample_id": 5}
{"x": ["It", "says", "it", "will", "never", "cede", "any", "part", "of", "the", "city", ".", "Palestinians", "want", "East", "Jerusalem", "as", "capital", "of", "a", "future", "state", ".", "The", "so-called", "order", "handling", "rules", ",", "which", "were", "proposed", "last", "September", ",", "were", "approved", "in", "a", "4-0", "vote", "."], "y": ["O", "O", "O", "O", "O", "O", "O", "O", "O", "O", "O", "O", "B-MISC", "O", "B-LOC", "I-LOC", "O", "O", "O", "O", "O", "O", "O", "O", "O", "O", "O", "O", "O", "O", "O", "O", "O", "O", "O", "O", "O", "O", "O", "O", "O", "O"], "sample_id": 6}
{"x": ["Palestinians", "want", "East", "Jerusalem", "as", "capital", "of", "a", "future", "state", ".", "The", "so-called", "order", "handling", "rules", ",", "which", "were", "proposed", "last", "September", ",", "were", "approved", "in", "a", "4-0", "vote", ".", "The", "new", "rules", "will", "require", "specialists", "at", "stock", "exchanges", "and", "market", "makers", "on", "Nasdaq", "to", "allow", "customers", "to", "view", "price", "quotes", "from", "other", "electronic", "trading", "systems", "that", "may", "not", "be", "readily", "available", "to", "them", "."], "y": ["B-MISC", "O", "B-LOC", "I-LOC", "O", "O", "O", "O", "O", "O", "O", "O", "O", "O", "O", "O", "O", "O", "O", "O", "O", "O", "O", "O", "O", "O", "O", "O", "O", "O", "O", "O", "O", "O", "O", "O", "O", "O", "O", "O", "O", "O", "O", "B-MISC", "O", "O", "O", "O", "O", "O", "O", "O", "O", "O", "O", "O", "O", "O", "O", "O", "O", "O", "O", "O", "O"], "sample_id": 7}
{"x": ["The", "so-called", "order", "handling", "rules", ",", "which", "were", "proposed", "last", "September", ",", "were", "approved", "in", "a", "4-0", "vote", ".", "The", "new", "rules", "will", "require", "specialists", "at", "stock", "exchanges", "and", "market", "makers", "on", "Nasdaq", "to", "allow", "customers", "to", "view", "price", "quotes", "from", "other", "electronic", "trading", "systems", "that", "may", "not", "be", "readily", "available", "to", "them", ".", "The", "rules", "will", "also", "require", "that", "customer", "limit", "orders", "be", "displayed", "with", "prices", "better", "than", "those", "available", "in", "quotes", "publicly", "available", "at", "the", "time", "."], "y": ["O", "O", "O", "O", "O", "O", "O", "O", "O", "O", "O", "O", "O", "O", "O", "O", "O", "O", "O", "O", "O", "O", "O", "O", "O", "O", "O", "O", "O", "O", "O", "O", "B-MISC", "O", "O", "O", "O", "O", "O", "O", "O", "O", "O", "O", "O", "O", "O", "O", "O", "O", "O", "O", "O", "O", "O", "O", "O", "O", "O", "O", "O", "O", "O", "O", "O", "O", "O", "O", "O", "O", "O", "O", "O", "O", "O", "O", "O", "O", "O"], "sample_id": 8}
{"x": ["The", "new", "rules", "will", "require", "specialists", "at", "stock", "exchanges", "and", "market", "makers", "on", "Nasdaq", "to", "allow", "customers", "to", "view", "price", "quotes", "from", "other", "electronic", "trading", "systems", "that", "may", "not", "be", "readily", "available", "to", "them", ".", "The", "rules", "will", "also", "require", "that", "customer", "limit", "orders", "be", "displayed", "with", "prices", "better", "than", "those", "available", "in", "quotes", "publicly", "available", "at", "the", "time", ".", "Specialists", "and", "market", "makers", "are", "companies", "or", "individuals", "recognised", "as", "qualified", "to", "maintain", "an", "orderly", "market", "in", "a", "stock", "."], "y": ["O", "O", "O", "O", "O", "O", "O", "O", "O", "O", "O", "O", "O", "B-MISC", "O", "O", "O", "O", "O", "O", "O", "O", "O", "O", "O", "O", "O", "O", "O", "O", "O", "O", "O", "O", "O", "O", "O", "O", "O", "O", "O", "O", "O", "O", "O", "O", "O", "O", "O", "O", "O", "O", "O", "O", "O", "O", "O", "O", "O", "O", "O", "O", "O", "O", "O", "O", "O", "O", "O", "O", "O", "O", "O", "O", "O", "O", "O", "O", "O", "O"], "sample_id": 9}
{"x": ["The", "rules", "will", "also", "require", "that", "customer", "limit", "orders", "be", "displayed", "with", "prices", "better", "than", "those", "available", "in", "quotes", "publicly", "available", "at", "the", "time", ".", "Specialists", "and", "market", "makers", "are", "companies", "or", "individuals", "recognised", "as", "qualified", "to", "maintain", "an", "orderly", "market", "in", "a", "stock", ".", "In", "a", "limit", "order", ",", "investors", "specify", "the", "price", "at", "which", "they", "are", "willing", "to", "buy", "or", "sell", ",", "as", "opposed", "to", "a", "market", "order", "executed", "at", "prevailing", "prices", "."], "y": ["O", "O", "O", "O", "O", "O", "O", "O", "O", "O", "O", "O", "O", "O", "O", "O", "O", "O", "O", "O", "O", "O", "O", "O", "O", "O", "O", "O", "O", "O", "O", "O", "O", "O", "O", "O", "O", "O", "O", "O", "O", "O", "O", "O", "O", "O", "O", "O", "O", "O", "O", "O", "O", "O", "O", "O", "O", "O", "O", "O", "O", "O", "O", "O", "O", "O", "O", "O", "O", "O", "O", "O", "O", "O", "O"], "sample_id": 10}
{"x": ["Specialists", "and", "market", "makers", "are", "companies", "or", "individuals", "recognised", "as", "qualified", "to", "maintain", "an", "orderly", "market", "in", "a", "stock", ".", "In", "a", "limit", "order", ",", "investors", "specify", "the", "price", "at", "which", "they", "are", "willing", "to", "buy", "or", "sell", ",", "as", "opposed", "to", "a", "market", "order", "executed", "at", "prevailing", "prices", ".", "It", "noted", "that", "customers", "whose", "orders", "were", "not", "displayed", "lost", "the", "chance", "of", "getting", "the", "best", "possible", "price", "available", "in", "the", "market", "."], "y": ["O", "O", "O", "O", "O", "O", "O", "O", "O", "O", "O", "O", "O", "O", "O", "O", "O", "O", "O", "O", "O", "O", "O", "O", "O", "O", "O", "O", "O", "O", "O", "O", "O", "O", "O", "O", "O", "O", "O", "O", "O", "O", "O", "O", "O", "O", "O", "O", "O", "O", "O", "O", "O", "O", "O", "O", "O", "O", "O", "O", "O", "O", "O", "O", "O", "O", "O", "O", "O", "O", "O", "O", "O"], "sample_id": 11}
{"x": ["In", "a", "limit", "order", ",", "investors", "specify", "the", "price", "at", "which", "they", "are", "willing", "to", "buy", "or", "sell", ",", "as", "opposed", "to", "a", "market", "order", "executed", "at", "prevailing", "prices", ".", "It", "noted", "that", "customers", "whose", "orders", "were", "not", "displayed", "lost", "the", "chance", "of", "getting", "the", "best", "possible", "price", "available", "in", "the", "market", ".", "It", "also", "cited", "the", "potential", "problem", "of", "a", "two-tiered", "market", "in", "which", "market", "makers", "quote", "one", "price", "to", "public", "investors", "while", "quoting", "better", "prices", "in", "private", "systems", ",", "thus", "robbing", "investors", "without", "access", "to", "\"", "hidden", "\"", "quotes", "the", "benefit", "of", "the", "best", "available", "prices", "."], "y": ["O", "O", "O", "O", "O", "O", "O", "O", "O", "O", "O", "O", "O", "O", "O", "O", "O", "O", "O", "O", "O", "O", "O", "O", "O", "O", "O", "O", "O", "O", "O", "O", "O", "O", "O", "O", "O", "O", "O", "O", "O", "O", "O", "O", "O", "O", "O", "O", "O", "O", "O", "O", "O", "O", "O", "O", "O", "O", "O", "O", "O", "O", "O", "O", "O", "O", "O", "O", "O", "O", "O", "O", "O", "O", "O", "O", "O", "O", "O", "O", "O", "O", "O", "O", "O", "O", "O", "O", "O", "O", "O", "O", "O", "O", "O", "O", "O", "O", "O"], "sample_id": 12}
{"x": ["It", "noted", "that", "customers", "whose", "orders", "were", "not", "displayed", "lost", "the", "chance", "of", "getting", "the", "best", "possible", "price", "available", "in", "the", "market", ".", "It", "also", "cited", "the", "potential", "problem", "of", "a", "two-tiered", "market", "in", "which", "market", "makers", "quote", "one", "price", "to", "public", "investors", "while", "quoting", "better", "prices", "in", "private", "systems", ",", "thus", "robbing", "investors", "without", "access", "to", "\"", "hidden", "\"", "quotes", "the", "benefit", "of", "the", "best", "available", "prices", ".", "The", "agency", "said", "it", "would", "monitor", "effects", "of", "the", "two", "new", "rules", "before", "considering", "the", "\"", "price", "improvement", "\"", "proposal", "again", "."], "y": ["O", "O", "O", "O", "O", "O", "O", "O", "O", "O", "O", "O", "O", "O", "O", "O", "O", "O", "O", "O", "O", "O", "O", "O", "O", "O", "O", "O", "O", "O", "O", "O", "O", "O", "O", "O", "O", "O", "O", "O", "O", "O", "O", "O", "O", "O", "O", "O", "O", "O", "O", "O", "O", "O", "O", "O", "O", "O", "O", "O", "O", "O", "O", "O", "O", "O", "O", "O", "O", "O", "O", "O", "O", "O", "O", "O", "O", "O", "O", "O", "O", "O", "O", "O", "O", "O", "O", "O", "O", "O", "O"], "sample_id": 13}
{"x": ["It", "also", "cited", "the", "potential", "problem", "of", "a", "two-tiered", "market", "in", "which", "market", "makers", "quote", "one", "price", "to", "public", "investors", "while", "quoting", "better", "prices", "in", "private", "systems", ",", "thus", "robbing", "investors", "without", "access", "to", "\"", "hidden", "\"", "quotes", "the", "benefit", "of", "the", "best", "available", "prices", ".", "The", "agency", "said", "it", "would", "monitor", "effects", "of", "the", "two", "new", "rules", "before", "considering", "the", "\"", "price", "improvement", "\"", "proposal", "again", ".", "The", "agency", "also", "proposed", "rule", "changes", "that", "would", "require", "continuous", "\"", "bid", "\"", "and", "\"", "ask", "\"", "quotations", "from", "exchange", "specialists", "and", "market", "makers", "who", "trade", "more", "than", "1", "percent", "of", "a", "stock", "during", "any", "quarter", "on", "Nasdaq", "."], "y": ["O", "O", "O", "O", "O", "O", "O", "O", "O", "O", "O", "O", "O", "O", "O", "O", "O", "O", "O", "O", "O", "O", "O", "O", "O", "O", "O", "O", "O", "O", "O", "O", "O", "O", "O", "O", "O", "O", "O", "O", "O", "O", "O", "O", "O", "O", "O", "O", "O", "O", "O", "O", "O", "O", "O", "O", "O", "O", "O", "O", "O", "O", "O", "O", "O", "O", "O", "O", "O", "O", "O", "O", "O", "O", "O", "O", "O", "O", "O", "O", "O", "O", "O", "O", "O", "O", "O", "O", "O", "O", "O", "O", "O", "O", "O", "O", "O", "O", "O", "O", "O", "O", "O", "O", "O", "B-MISC", "O"], "sample_id": 14}
{"x": ["The", "agency", "said", "it", "would", "monitor", "effects", "of", "the", "two", "new", "rules", "before", "considering", "the", "\"", "price", "improvement", "\"", "proposal", "again", ".", "The", "agency", "also", "proposed", "rule", "changes", "that", "would", "require", "continuous", "\"", "bid", "\"", "and", "\"", "ask", "\"", "quotations", "from", "exchange", "specialists", "and", "market", "makers", "who", "trade", "more", "than", "1", "percent", "of", "a", "stock", "during", "any", "quarter", "on", "Nasdaq", ".", "ITALIAN", "CABINET", "APPROVES", "TELEVISION", "DECREE", "."], "y": ["O", "O", "O", "O", "O", "O", "O", "O", "O", "O", "O", "O", "O", "O", "O", "O", "O", "O", "O", "O", "O", "O", "O", "O", "O", "O", "O", "O", "O", "O", "O", "O", "O", "O", "O", "O", "O", "O", "O", "O", "O", "O", "O", "O", "O", "O", "O", "O", "O", "O", "O", "O", "O", "O", "O", "O", "O", "O", "O", "B-MISC", "O", "B-MISC", "O", "O", "O", "O", "O"], "sample_id": 15}
{"x": ["The", "agency", "also", "proposed", "rule", "changes", "that", "would", "require", "continuous", "\"", "bid", "\"", "and", "\"", "ask", "\"", "quotations", "from", "exchange", "specialists", "and", "market", "makers", "who", "trade", "more", "than", "1", "percent", "of", "a", "stock", "during", "any", "quarter", "on", "Nasdaq", ".", "ITALIAN", "CABINET", "APPROVES", "TELEVISION", "DECREE", ".", "The", "decree", "plugs", "a", "legal", "void", "in", "which", "magistrates", "could", "have", "forced", "the", "former", "prime", "minister", "to", "take", "one", "of", "the", "three", "stations", "he", "controls", "off", "the", "air", "because", "of", "a", "court", "ruling", "that", "no", "single", "proprietor", "should", "be", "allowed", "to", "keep", "three", "channels", "."], "y": ["O", "O", "O", "O", "O", "O", "O", "O", "O", "O", "O", "O", "O", "O", "O", "O", "O", "O", "O", "O", "O", "O", "O", "O", "O", "O", "O", "O", "O", "O", "O", "O", "O", "O", "O", "O", "O", "B-MISC", "O", "B-MISC", "O", "O", "O", "O", "O", "O", "O", "O", "O", "O", "O", "O", "O", "O", "O", "O", "O", "O", "O", "O", "O", "O", "O", "O", "O", "O", "O", "O", "O", "O", "O", "O", "O", "O", "O", "O", "O", "O", "O", "O", "O", "O", "O", "O", "O", "O", "O", "O", "O", "O"], "sample_id": 16}
{"x": ["ITALIAN", "CABINET", "APPROVES", "TELEVISION", "DECREE", ".", "The", "decree", "plugs", "a", "legal", "void", "in", "which", "magistrates", "could", "have", "forced", "the", "former", "prime", "minister", "to", "take", "one", "of", "the", "three", "stations", "he", "controls", "off", "the", "air", "because", "of", "a", "court", "ruling", "that", "no", "single", "proprietor", "should", "be", "allowed", "to", "keep", "three", "channels", ".", "LINZ", ",", "Austria", "1996-08-28"], "y": ["B-MISC", "O", "O", "O", "O", "O", "O", "O", "O", "O", "O", "O", "O", "O", "O", "O", "O", "O", "O", "O", "O", "O", "O", "O", "O", "O", "O", "O", "O", "O", "O", "O", "O", "O", "O", "O", "O", "O", "O", "O", "O", "O", "O", "O", "O", "O", "O", "O", "O", "O", "O", "B-LOC", "O", "B-LOC", "O"], "sample_id": 17}
{"x": ["The", "decree", "plugs", "a", "legal", "void", "in", "which", "magistrates", "could", "have", "forced", "the", "former", "prime", "minister", "to", "take", "one", "of", "the", "three", "stations", "he", "controls", "off", "the", "air", "because", "of", "a", "court", "ruling", "that", "no", "single", "proprietor", "should", "be", "allowed", "to", "keep", "three", "channels", ".", "LINZ", ",", "Austria", "1996-08-28", "The", "police", "spokesman", "said", "he", "was", "not", "sure", "whether", "any", "more", "passengers", "were", "still", "trapped", "in", "the", "wreckage", "."], "y": ["O", "O", "O", "O", "O", "O", "O", "O", "O", "O", "O", "O", "O", "O", "O", "O", "O", "O", "O", "O", "O", "O", "O", "O", "O", "O", "O", "O", "O", "O", "O", "O", "O", "O", "O", "O", "O", "O", "O", "O", "O", "O", "O", "O", "O", "B-LOC", "O", "B-LOC", "O", "O", "O", "O", "O", "O", "O", "O", "O", "O", "O", "O", "O", "O", "O", "O", "O", "O", "O", "O"], "sample_id": 18}
{"x": ["LINZ", ",", "Austria", "1996-08-28", "The", "police", "spokesman", "said", "he", "was", "not", "sure", "whether", "any", "more", "passengers", "were", "still", "trapped", "in", "the", "wreckage", ".", "Doctors", "and", "medical", "staff", "from", "a", "hospital", "across", "the", "road", "from", "the", "station", "were", "at", "the", "scene", "of", "the", "accident", "within", "minutes", "and", "were", "able", "to", "treat", "the", "injured", "quickly", ",", "he", "added", "."], "y": ["B-LOC", "O", "B-LOC", "O", "O", "O", "O", "O", "O", "O", "O", "O", "O", "O", "O", "O", "O", "O", "O", "O", "O", "O", "O", "O", "O", "O", "O", "O", "O", "O", "O", "O", "O", "O", "O", "O", "O", "O", "O", "O", "O", "O", "O", "O", "O", "O", "O", "O", "O", "O", "O", "O", "O", "O", "O", "O", "O"], "sample_id": 19}
{"x": ["The", "police", "spokesman", "said", "he", "was", "not", "sure", "whether", "any", "more", "passengers", "were", "still", "trapped", "in", "the", "wreckage", ".", "Doctors", "and", "medical", "staff", "from", "a", "hospital", "across", "the", "road", "from", "the", "station", "were", "at", "the", "scene", "of", "the", "accident", "within", "minutes", "and", "were", "able", "to", "treat", "the", "injured", "quickly", ",", "he", "added", ".", "Analysts", "said", "livestock", "production", "would", "likely", "shift", "to", "the", "eastern", "Prairie", "rather", "than", "feed", "grains", "being", "shipped", "to", "the", "western", "Prairie", "."], "y": ["O", "O", "O", "O", "O", "O", "O", "O", "O", "O", "O", "O", "O", "O", "O", "O", "O", "O", "O", "O", "O", "O", "O", "O", "O", "O", "O", "O", "O", "O", "O", "O", "O", "O", "O", "O", "O", "O", "O", "O", "O", "O", "O", "O", "O", "O", "O", "O", "O", "O", "O", "O", "O", "O", "O", "O", "O", "O", "O", "O", "O", "O", "O", "O", "O", "O", "O", "O", "O", "O", "O", "O", "O", "O", "O"], "sample_id": 20}
{"x": ["Doctors", "and", "medical", "staff", "from", "a", "hospital", "across", "the", "road", "from", "the", "station", "were", "at", "the", "scene", "of", "the", "accident", "within", "minutes", "and", "were", "able", "to", "treat", "the", "injured", "quickly", ",", "he", "added", ".", "Analysts", "said", "livestock", "production", "would", "likely", "shift", "to", "the", "eastern", "Prairie", "rather", "than", "feed", "grains", "being", "shipped", "to", "the", "western", "Prairie", ".", "Saskatchewan", "Pork", "International", "Marketing", "Group", "has", "an", "export", "monopoly", "but", "some", "Saskatchewan", "farmers", "earlier", "this", "month", "called", "for", "an", "open", "market", "in", "hogs", "."], "y": ["O", "O", "O", "O", "O", "O", "O", "O", "O", "O", "O", "O", "O", "O", "O", "O", "O", "O", "O", "O", "O", "O", "O", "O", "O", "O", "O", "O", "O", "O", "O", "O", "O", "O", "O", "O", "O", "O", "O", "O", "O", "O", "O", "O", "O", "O", "O", "O", "O", "O", "O", "O", "O", "O", "O", "O", "B-ORG", "I-ORG", "I-ORG", "I-ORG", "I-ORG", "O", "O", "O", "O", "O", "O", "B-LOC", "O", "O", "O", "O", "O", "O", "O", "O", "O", "O", "O", "O"], "sample_id": 21}
{"x": ["Analysts", "said", "livestock", "production", "would", "likely", "shift", "to", "the", "eastern", "Prairie", "rather", "than", "feed", "grains", "being", "shipped", "to", "the", "western", "Prairie", ".", "Saskatchewan", "Pork", "International", "Marketing", "Group", "has", "an", "export", "monopoly", "but", "some", "Saskatchewan", "farmers", "earlier", "this", "month", "called", "for", "an", "open", "market", "in", "hogs", ".", "ATHLETICS", "-", "ROVERETO", "INTERNATIONAL", "MEETING", "RESULTS", "."], "y": ["O", "O", "O", "O", "O", "O", "O", "O", "O", "O", "O", "O", "O", "O", "O", "O", "O", "O", "O", "O", "O", "O", "B-ORG", "I-ORG", "I-ORG", "I-ORG", "I-ORG", "O", "O", "O", "O", "O", "O", "B-LOC", "O", "O", "O", "O", "O", "O", "O", "O", "O", "O", "O", "O", "O", "O", "B-MISC", "I-MISC", "O", "O", "O"], "sample_id": 22}
{"x": ["Saskatchewan", "Pork", "International", "Marketing", "Group", "has", "an", "export", "monopoly", "but", "some", "Saskatchewan", "farmers", "earlier", "this", "month", "called", "for", "an", "open", "market", "in", "hogs", ".", "ATHLETICS", "-", "ROVERETO", "INTERNATIONAL", "MEETING", "RESULTS", ".", "Leading", "results", "from", "an"], "y": ["B-ORG", "I-ORG", "I-ORG", "I-ORG", "I-ORG", "O", "O", "O", "O", "O", "O", "B-LOC", "O", "O", "O", "O", "O", "O", "O", "O", "O", "O", "O", "O", "O", "O", "B-MISC", "I-MISC", "O", "O", "O", "O", "O", "O", "O"], "sample_id": 23}
{"x": ["ATHLETICS", "-", "ROVERETO", "INTERNATIONAL", "MEETING", "RESULTS", ".", "Leading", "results", "from", "an", "international", "athletics", "meeting", "on", "Wednesday", ":"], "y": ["O", "O", "B-MISC", "I-MISC", "O", "O", "O", "O", "O", "O", "O", "O", "O", "O", "O", "O", "O"], "sample_id": 24}
{"x": ["Leading", "results", "from", "an", "international", "athletics", "meeting", "on", "Wednesday", ":", "Women", "'s", "long", "jump", ":"], "y": ["O", "O", "O", "O", "O", "O", "O", "O", "O", "O", "O", "O", "O", "O", "O"], "sample_id": 25}
{"x": ["international", "athletics", "meeting", "on", "Wednesday", ":", "Women", "'s", "long", "jump", ":", "1.", "Ludmila", "Ninova", "(", "Austria", ")", "6.72", "metres"], "y": ["O", "O", "O", "O", "O", "O", "O", "O", "O", "O", "O", "O", "B-PER", "I-PER", "O", "B-LOC", "O", "O", "O"], "sample_id": 26}
{"x": ["Women", "'s", "long", "jump", ":", "1.", "Ludmila", "Ninova", "(", "Austria", ")", "6.72", "metres", "3.", "Fiona", "May", "(", "Italy", ")", "6.64"], "y": ["O", "O", "O", "O", "O", "O", "B-PER", "I-PER", "O", "B-LOC", "O", "O", "O", "O", "B-PER", "I-PER", "O", "B-LOC", "O", "O"], "sample_id": 27}
{"x": ["1.", "Ludmila", "Ninova", "(", "Austria", ")", "6.72", "metres", "3.", "Fiona", "May", "(", "Italy", ")", "6.64", "Men", "'s", "110", "metres", "hurdles", ":"], "y": ["O", "B-PER", "I-PER", "O", "B-LOC", "O", "O", "O", "O", "B-PER", "I-PER", "O", "B-LOC", "O", "O", "O", "O", "O", "O", "O", "O"], "sample_id": 28}
{"x": ["3.", "Fiona", "May", "(", "Italy", ")", "6.64", "Men", "'s", "110", "metres", "hurdles", ":", "2.", "Steve", "Brown", "(", "U.S.", ")", "13.45"], "y": ["O", "B-PER", "I-PER", "O", "B-LOC", "O", "O", "O", "O", "O", "O", "O", "O", "O", "B-PER", "I-PER", "O", "B-LOC", "O", "O"], "sample_id": 29}
{"x": ["Men", "'s", "110", "metres", "hurdles", ":", "2.", "Steve", "Brown", "(", "U.S.", ")", "13.45", "Women", "'s", "100", "metres", ":"], "y": ["O", "O", "O", "O", "O", "O", "O", "B-PER", "I-PER", "O", "B-LOC", "O", "O", "O", "O", "O", "O", "O"], "sample_id": 30}
{"x": ["2.", "Steve", "Brown", "(", "U.S.", ")", "13.45", "Women", "'s", "100", "metres", ":", "1.", "Chandra", "Sturrup", "(", "Bahamas", ")", "11.34", "seconds"], "y": ["O", "B-PER", "I-PER", "O", "B-LOC", "O", "O", "O", "O", "O", "O", "O", "O", "B-PER", "I-PER", "O", "B-LOC", "O", "O", "O"], "sample_id": 31}
{"x": ["Women", "'s", "100", "metres", ":", "1.", "Chandra", "Sturrup", "(", "Bahamas", ")", "11.34", "seconds", "Men", "'s", "javelin", ":"], "y": ["O", "O", "O", "O", "O", "O", "B-PER", "I-PER", "O", "B-LOC", "O", "O", "O", "O", "O", "O", "O"], "sample_id": 32}
{"x": ["1.", "Chandra", "Sturrup", "(", "Bahamas", ")", "11.34", "seconds", "Men", "'s", "javelin", ":", "2.", "Tom", "Pukstys", "(", "U.S.", ")", "84.20"], "y": ["O", "B-PER", "I-PER", "O", "B-LOC", "O", "O", "O", "O", "O", "O", "O", "O", "B-PER", "I-PER", "O", "B-LOC", "O", "O"], "sample_id": 33}
{"x": ["Men", "'s", "javelin", ":", "2.", "Tom", "Pukstys", "(", "U.S.", ")", "84.20", "Men", "'s", "100", "metres", ":"], "y": ["O", "O", "O", "O", "O", "B-PER", "I-PER", "O", "B-LOC", "O", "O", "O", "O", "O", "O", "O"], "sample_id": 34}
{"x": ["2.", "Tom", "Pukstys", "(", "U.S.", ")", "84.20", "Men", "'s", "100", "metres", ":", "2.", "Davidson", "Ezinwa", "(", "Nigeria", ")", "10.18"], "y": ["O", "B-PER", "I-PER", "O", "B-LOC", "O", "O", "O", "O", "O", "O", "O", "O", "B-PER", "I-PER", "O", "B-LOC", "O", "O"], "sample_id": 35}
{"x": ["Men", "'s", "100", "metres", ":", "2.", "Davidson", "Ezinwa", "(", "Nigeria", ")", "10.18", "Men", "'s", "400", "metres", ":"], "y": ["O", "O", "O", "O", "O", "O", "B-PER", "I-PER", "O", "B-LOC", "O", "O", "O", "O", "O", "O", "O"], "sample_id": 36}
{"x": ["2.", "Davidson", "Ezinwa", "(", "Nigeria", ")", "10.18", "Men", "'s", "400", "metres", ":", "2.", "Marco", "Vaccari", "(", "Italy", ")", "46.16"], "y": ["O", "B-PER", "I-PER", "O", "B-LOC", "O", "O", "O", "O", "O", "O", "O", "O", "B-PER", "I-PER", "O", "B-LOC", "O", "O"], "sample_id": 37}
{"x": ["Men", "'s", "400", "metres", ":", "2.", "Marco", "Vaccari", "(", "Italy", ")", "46.16", "Women", "'s", "pole", "vault", ":"], "y": ["O", "O", "O", "O", "O", "O", "B-PER", "I-PER", "O", "B-LOC", "O", "O", "O", "O", "O", "O", "O"], "sample_id": 38}
{"x": ["2.", "Marco", "Vaccari", "(", "Italy", ")", "46.16", "Women", "'s", "pole", "vault", ":", "Women", "'s", "800", "metres", ":"], "y": ["O", "B-PER", "I-PER", "O", "B-LOC", "O", "O", "O", "O", "O", "O", "O", "O", "O", "O", "O", "O"], "sample_id": 39}
{"x": ["Women", "'s", "pole", "vault", ":", "Women", "'s", "800", "metres", ":", "3.", "Inez", "Turner", "(", "Jamaica", ")", "2:00.91"], "y": ["O", "O", "O", "O", "O", "O", "O", "O", "O", "O", "O", "B-PER", "I-PER", "O", "B-LOC", "O", "O"], "sample_id": 40}
{"x": ["Women", "'s", "800", "metres", ":", "3.", "Inez", "Turner", "(", "Jamaica", ")", "2:00.91", "Men", "'s", "high", "jump", ":"], "y": ["O", "O", "O", "O", "O", "O", "B-PER", "I-PER", "O", "B-LOC", "O", "O", "O", "O", "O", "O", "O"], "sample_id": 41}
{"x": ["3.", "Inez", "Turner", "(", "Jamaica", ")", "2:00.91", "Men", "'s", "high", "jump", ":", "1.", "Wolfgang", "Kreissig", "(", "Germany", ")", "2.20", "metres"], "y": ["O", "B-PER", "I-PER", "O", "B-LOC", "O", "O", "O", "O", "O", "O", "O", "O", "B-PER", "I-PER", "O", "B-LOC", "O", "O", "O"], "sample_id": 42}
{"x": ["Men", "'s", "high", "jump", ":", "1.", "Wolfgang", "Kreissig", "(", "Germany", ")", "2.20", "metres", "3.", "Michele", "Buiatti", "(", "Italy", ")", "2.15"], "y": ["O", "O", "O", "O", "O", "O", "B-PER", "I-PER", "O", "B-LOC", "O", "O", "O", "O", "B-PER", "I-PER", "O", "B-LOC", "O", "O"], "sample_id": 43}
{"x": ["1.", "Wolfgang", "Kreissig", "(", "Germany", ")", "2.20", "metres", "3.", "Michele", "Buiatti", "(", "Italy", ")", "2.15", "Men", "'s", "800", "metres", ":"], "y": ["O", "B-PER", "I-PER", "O", "B-LOC", "O", "O", "O", "O", "B-PER", "I-PER", "O", "B-LOC", "O", "O", "O", "O", "O", "O", "O"], "sample_id": 44}
{"x": ["3.", "Michele", "Buiatti", "(", "Italy", ")", "2.15", "Men", "'s", "800", "metres", ":", "3.", "Philip", "Kibitok", "(", "Kenya", ")", "1:46.09"], "y": ["O", "B-PER", "I-PER", "O", "B-LOC", "O", "O", "O", "O", "O", "O", "O", "O", "B-PER", "I-PER", "O", "B-LOC", "O", "O"], "sample_id": 45}
{"x": ["Men", "'s", "800", "metres", ":", "3.", "Philip", "Kibitok", "(", "Kenya", ")", "1:46.09", "Women", "'s", "javelin", ":"], "y": ["O", "O", "O", "O", "O", "O", "B-PER", "I-PER", "O", "B-LOC", "O", "O", "O", "O", "O", "O"], "sample_id": 46}
{"x": ["3.", "Philip", "Kibitok", "(", "Kenya", ")", "1:46.09", "Women", "'s", "javelin", ":", "2.", "Natalya", "Shikolenko", "(", "Belarus", ")", "57.44"], "y": ["O", "B-PER", "I-PER", "O", "B-LOC", "O", "O", "O", "O", "O", "O", "O", "B-PER", "I-PER", "O", "B-LOC", "O", "O"], "sample_id": 47}
{"x": ["Women", "'s", "javelin", ":", "2.", "Natalya", "Shikolenko", "(", "Belarus", ")", "57.44", "Women", "'s", "400", "metres", "hurdles", ":"], "y": ["O", "O", "O", "O", "O", "B-PER", "I-PER", "O", "B-LOC", "O", "O", "O", "O", "O", "O", "O", "O"], "sample_id": 48}
{"x": ["2.", "Natalya", "Shikolenko", "(", "Belarus", ")", "57.44", "Women", "'s", "400", "metres", "hurdles", ":", "3.", "Anna", "Knoroz", "(", "Russia", ")", "57.02"], "y": ["O", "B-PER", "I-PER", "O", "B-LOC", "O", "O", "O", "O", "O", "O", "O", "O", "O", "B-PER", "I-PER", "O", "B-LOC", "O", "O"], "sample_id": 49}
{"x": ["Women", "'s", "400", "metres", "hurdles", ":", "3.", "Anna", "Knoroz", "(", "Russia", ")", "57.02", "Men", "'s", "400", "metres", "hurdles", ":"], "y": ["O", "O", "O", "O", "O", "O", "O", "B-PER", "I-PER", "O", "B-LOC", "O", "O", "O", "O", "O", "O", "O", "O"], "sample_id": 50}
{"x": ["3.", "Anna", "Knoroz", "(", "Russia", ")", "57.02", "Men", "'s", "400", "metres", "hurdles", ":", "3.", "John", "Ridgeon", "(", "Britain", ")", "49.83"], "y": ["O", "B-PER", "I-PER", "O", "B-LOC", "O", "O", "O", "O", "O", "O", "O", "O", "O", "B-PER", "I-PER", "O", "B-LOC", "O", "O"], "sample_id": 51}
{"x": ["Men", "'s", "400", "metres", "hurdles", ":", "3.", "John", "Ridgeon", "(", "Britain", ")", "49.83", "Men", "'s", "3,000", "metres", ":"], "y": ["O", "O", "O", "O", "O", "O", "O", "B-PER", "I-PER", "O", "B-LOC", "O", "O", "O", "O", "O", "O", "O"], "sample_id": 52}
{"x": ["3.", "John", "Ridgeon", "(", "Britain", ")", "49.83", "Men", "'s", "3,000", "metres", ":", "1.", "Luke", "Kipkosgei", "(", "Kenya", ")", "7:46.91"], "y": ["O", "B-PER", "I-PER", "O", "B-LOC", "O", "O", "O", "O", "O", "O", "O", "O", "B-PER", "I-PER", "O", "B-LOC", "O", "O"], "sample_id": 53}
{"x": ["Men", "'s", "3,000", "metres", ":", "1.", "Luke", "Kipkosgei", "(", "Kenya", ")", "7:46.91", "Leading", "completed"], "y": ["O", "O", "O", "O", "O", "O", "B-PER", "I-PER", "O", "B-LOC", "O", "O", "O", "O"], "sample_id": 54}
{"x": ["1.", "Luke", "Kipkosgei", "(", "Kenya", ")", "7:46.91", "Leading", "completed", "first-round", "scores", "in", "the", "rain-affected", "British", "Masters", "golf"], "y": ["O", "B-PER", "I-PER", "O", "B-LOC", "O", "O", "O", "O", "O", "O", "O", "O", "O", "B-MISC", "I-MISC", "O"], "sample_id": 55}
{"x": ["Leading", "completed", "first-round", "scores", "in", "the", "rain-affected", "British", "Masters", "golf", "championship", "at", "Collingtree", "Park", "on", "Wednesday", "(", "Britain", "unless"], "y": ["O", "O", "O", "O", "O", "O", "O", "B-MISC", "I-MISC", "O", "O", "O", "B-LOC", "I-LOC", "O", "O", "O", "B-LOC", "O"], "sample_id": 56}
{"x": ["first-round", "scores", "in", "the", "rain-affected", "British", "Masters", "golf", "championship", "at", "Collingtree", "Park", "on", "Wednesday", "(", "Britain", "unless", "stated", ")", ":"], "y": ["O", "O", "O", "O", "O", "B-MISC", "I-MISC", "O", "O", "O", "B-LOC", "I-LOC", "O", "O", "O", "B-LOC", "O", "O", "O", "O"], "sample_id": 57}
{"x": ["championship", "at", "Collingtree", "Park", "on", "Wednesday", "(", "Britain", "unless", "stated", ")", ":", "68", "Colin", "Montgomerie"], "y": ["O", "O", "B-LOC", "I-LOC", "O", "O", "O", "B-LOC", "O", "O", "O", "O", "O", "B-PER", "I-PER"], "sample_id": 58}
{"x": ["stated", ")", ":", "68", "Colin", "Montgomerie", "(", "Sweden", ")", ",", "Roger", "Chapman", ",", "Mark", "Davis", ",", "Pierre", "Fulke", "(", "Sweden", ")", ","], "y": ["O", "O", "O", "O", "B-PER", "I-PER", "O", "B-LOC", "O", "O", "B-PER", "I-PER", "O", "B-PER", "I-PER", "O", "B-PER", "I-PER", "O", "B-LOC", "O", "O"], "sample_id": 59}
{"x": ["68", "Colin", "Montgomerie", "(", "Sweden", ")", ",", "Roger", "Chapman", ",", "Mark", "Davis", ",", "Pierre", "Fulke", "(", "Sweden", ")", ",", "(", "Spain", ")", ",", "Paul", "Broadhurst", ",", "Greg", "Turner", "(", "New", "Zealand", ")", ",", "Mike"], "y": ["O", "B-PER", "I-PER", "O", "B-LOC", "O", "O", "B-PER", "I-PER", "O", "B-PER", "I-PER", "O", "B-PER", "I-PER", "O", "B-LOC", "O", "O", "O", "B-LOC", "O", "O", "B-PER", "I-PER", "O", "B-PER", "I-PER", "O", "B-LOC", "I-LOC", "O", "O", "B-PER"], "sample_id": 60}
{"x": ["(", "Sweden", ")", ",", "Roger", "Chapman", ",", "Mark", "Davis", ",", "Pierre", "Fulke", "(", "Sweden", ")", ",", "(", "Spain", ")", ",", "Paul", "Broadhurst", ",", "Greg", "Turner", "(", "New", "Zealand", ")", ",", "Mike", "Note", ":", "77", "players", "to", "complete", "their", "first", "rounds", "on", "Thursday"], "y": ["O", "B-LOC", "O", "O", "B-PER", "I-PER", "O", "B-PER", "I-PER", "O", "B-PER", "I-PER", "O", "B-LOC", "O", "O", "O", "B-LOC", "O", "O", "B-PER", "I-PER", "O", "B-PER", "I-PER", "O", "B-LOC", "I-LOC", "O", "O", "B-PER", "O", "O", "O", "O", "O", "O", "O", "O", "O", "O", "O"], "sample_id": 61}
{"x": ["(", "Spain", ")", ",", "Paul", "Broadhurst", ",", "Greg", "Turner", "(", "New", "Zealand", ")", ",", "Mike", "Note", ":", "77", "players", "to", "complete", "their", "first", "rounds", "on", "Thursday", "Shane", "Kelly", "of", "Australia", "retained", "the", "world", "one-kilometre", "time", "trial", "title", "at", "the", "world", "track", "championships", "on", "Wednesday", ",", "with", "a", "track", "record", "time", "of", "one", "minute", "2.777", "seconds", "."], "y": ["O", "B-LOC", "O", "O", "B-PER", "I-PER", "O", "B-PER", "I-PER", "O", "B-LOC", "I-LOC", "O", "O", "B-PER", "O", "O", "O", "O", "O", "O", "O", "O", "O", "O", "O", "B-PER", "I-PER", "O", "B-LOC", "O", "O", "O", "O", "O", "O", "O", "O", "O", "O", "O", "O", "O", "O", "O", "O", "O", "O", "O", "O", "O", "O", "O", "O", "O", "O"], "sample_id": 62}
{"x": ["Note", ":", "77", "players", "to", "complete", "their", "first", "rounds", "on", "Thursday", "Shane", "Kelly", "of", "Australia", "retained", "the", "world", "one-kilometre", "time", "trial", "title", "at", "the", "world", "track", "championships", "on", "Wednesday", ",", "with", "a", "track", "record", "time", "of", "one", "minute", "2.777", "seconds", ".", "Leading", "placings", "in"], "y": ["O", "O", "O", "O", "O", "O", "O", "O", "O", "O", "O", "B-PER", "I-PER", "O", "B-LOC", "O", "O", "O", "O", "O", "O", "O", "O", "O", "O", "O", "O", "O", "O", "O", "O", "O", "O", "O", "O", "O", "O", "O", "O", "O", "O", "O", "O", "O"], "sample_id": 63}
{"x": ["Shane", "Kelly", "of", "Australia", "retained", "the", "world", "one-kilometre", "time", "trial", "title", "at", "the", "world", "track", "championships", "on", "Wednesday", ",", "with", "a", "track", "record", "time", "of", "one", "minute", "2.777", "seconds", ".", "Leading", "placings", "in", "the", "195-km", "second", "stage", "of", "the", "Tour", "of", "the", "Netherlands", "between"], "y": ["B-PER", "I-PER", "O", "B-LOC", "O", "O", "O", "O", "O", "O", "O", "O", "O", "O", "O", "O", "O", "O", "O", "O", "O", "O", "O", "O", "O", "O", "O", "O", "O", "O", "O", "O", "O", "O", "O", "O", "O", "O", "O", "B-MISC", "I-MISC", "I-MISC", "I-MISC", "O"], "sample_id": 64}
{"x": ["Leading", "placings", "in", "the", "195-km", "second", "stage", "of", "the", "Tour", "of", "the", "Netherlands", "between", "six", "seconds", "."], "y": ["O", "O", "O", "O", "O", "O", "O", "O", "O", "B-MISC", "I-MISC", "I-MISC", "I-MISC", "O", "O", "O", "O"], "sample_id": 65}
{"x": ["the", "195-km", "second", "stage", "of", "the", "Tour", "of", "the", "Netherlands", "between", "six", "seconds", ".", "5.", "Federico", "Colonna", "(", "Italy", ")", "Mapei"], "y": ["O", "O", "O", "O", "O", "O", "B-MISC", "I-MISC", "I-MISC", "I-MISC", "O", "O", "O", "O", "O", "B-PER", "I-PER", "O", "B-LOC", "O", "B-ORG"], "sample_id": 66}
{"x": ["six", "seconds", ".", "5.", "Federico", "Colonna", "(", "Italy", ")", "Mapei", "7.", "Michel", "Zanoli", "(", "Netherlands", ")", "MX", "Onda"], "y": ["O", "O", "O", "O", "B-PER", "I-PER", "O", "B-LOC", "O", "B-ORG", "O", "B-PER", "I-PER", "O", "B-LOC", "O", "B-ORG", "I-ORG"], "sample_id": 67}
{"x": ["5.", "Federico", "Colonna", "(", "Italy", ")", "Mapei", "7.", "Michel", "Zanoli", "(", "Netherlands", ")", "MX", "Onda", "10.", "Kaspars", "Ozers", "(", "Latvia", ")", "Motorola", "all", "same", "time"], "y": ["O", "B-PER", "I-PER", "O", "B-LOC", "O", "B-ORG", "O", "B-PER", "I-PER", "O", "B-LOC", "O", "B-ORG", "I-ORG", "O", "B-PER", "I-PER", "O", "B-LOC", "O", "B-ORG", "O", "O", "O"], "sample_id": 68}
{"x": ["7.", "Michel", "Zanoli", "(", "Netherlands", ")", "MX", "Onda", "10.", "Kaspars", "Ozers", "(", "Latvia", ")", "Motorola", "all", "same", "time", "Leading", "overall", "placings", "after", "two", "stages", ":"], "y": ["O", "B-PER", "I-PER", "O", "B-LOC", "O", "B-ORG", "I-ORG", "O", "B-PER", "I-PER", "O", "B-LOC", "O", "B-ORG", "O", "O", "O", "O", "O", "O", "O", "O", "O", "O"], "sample_id": 69}
{"x": ["10.", "Kaspars", "Ozers", "(", "Latvia", ")", "Motorola", "all", "same", "time", "Leading", "overall", "placings", "after", "two", "stages", ":", "2.", "Van", "Heeswijk", "1", "second", "behind"], "y": ["O", "B-PER", "I-PER", "O", "B-LOC", "O", "B-ORG", "O", "O", "O", "O", "O", "O", "O", "O", "O", "O", "O", "B-PER", "I-PER", "O", "O", "O"], "sample_id": 70}
{"x": ["Leading", "overall", "placings", "after", "two", "stages", ":", "2.", "Van", "Heeswijk", "1", "second", "behind", "6.", "Koerts", "7"], "y": ["O", "O", "O", "O", "O", "O", "O", "O", "B-PER", "I-PER", "O", "O", "O", "O", "B-PER", "O"], "sample_id": 71}
{"x": ["2.", "Van", "Heeswijk", "1", "second", "behind", "6.", "Koerts", "7", "8.", "Gianluca", "Corini", "(", "Italy", ")", "Aki", "same", "time"], "y": ["O", "B-PER", "I-PER", "O", "O", "O", "O", "B-PER", "O", "O", "B-PER", "I-PER", "O", "B-LOC", "O", "B-PER", "O", "O"], "sample_id": 72}
{"x": ["6.", "Koerts", "7", "8.", "Gianluca", "Corini", "(", "Italy", ")", "Aki", "same", "time", "9.", "Lance", "Armstrong", "(", "U.S.", ")", "Motorola", "9"], "y": ["O", "B-PER", "O", "O", "B-PER", "I-PER", "O", "B-LOC", "O", "B-PER", "O", "O", "O", "B-PER", "I-PER", "O", "B-LOC", "O", "B-ORG", "O"], "sample_id": 73}
{"x": ["8.", "Gianluca", "Corini", "(", "Italy", ")", "Aki", "same", "time", "9.", "Lance", "Armstrong", "(", "U.S.", ")", "Motorola", "9", "CYCLING", "-", "VAN", "HEESWIJK", "WINS", "TOUR", "OF", "NETHERLANDS", "SECOND", "STAGE", "."], "y": ["O", "B-PER", "I-PER", "O", "B-LOC", "O", "B-PER", "O", "O", "O", "B-PER", "I-PER", "O", "B-LOC", "O", "B-ORG", "O", "O", "O", "B-PER", "I-PER", "O", "B-MISC", "I-MISC", "I-MISC", "O", "O", "O"], "sample_id": 74}
{"x": ["9.", "Lance", "Armstrong", "(", "U.S.", ")", "Motorola", "9", "CYCLING", "-", "VAN", "HEESWIJK", "WINS", "TOUR", "OF", "NETHERLANDS", "SECOND", "STAGE", ".", "2.", "Johan", "Capiot", "(", "Belgium", ")", "Collstrop"], "y": ["O", "B-PER", "I-PER", "O", "B-LOC", "O", "B-ORG", "O", "O", "O", "B-PER", "I-PER", "O", "B-MISC", "I-MISC", "I-MISC", "O", "O", "O", "O", "B-PER", "I-PER", "O", "B-LOC", "O", "B-ORG"], "sample_id": 75}
{"x": ["CYCLING", "-", "VAN", "HEESWIJK", "WINS", "TOUR", "OF", "NETHERLANDS", "SECOND", "STAGE", ".", "2.", "Johan", "Capiot", "(", "Belgium", ")", "Collstrop", "4.", "Erik", "Zabel", "(", "Germany", ")", "Telekom"], "y": ["O", "O", "B-PER", "I-PER", "O", "B-MISC", "I-MISC", "I-MISC", "O", "O", "O", "O", "B-PER", "I-PER", "O", "B-LOC", "O", "B-ORG", "O", "B-PER", "I-PER", "O", "B-LOC", "O", "B-ORG"], "sample_id": 76}
{"x": ["2.", "Johan", "Capiot", "(", "Belgium", ")", "Collstrop", "4.", "Erik", "Zabel", "(", "Germany", ")", "Telekom", "6.", "Jans", "Koerts", "(", "Netherlands", ")", "Palmans"], "y": ["O", "B-PER", "I-PER", "O", "B-LOC", "O", "B-ORG", "O", "B-PER", "I-PER", "O", "B-LOC", "O", "B-ORG", "O", "B-PER", "I-PER", "O", "B-LOC", "O", "B-ORG"], "sample_id": 77}
{"x": ["4.", "Erik", "Zabel", "(", "Germany", ")", "Telekom", "6.", "Jans", "Koerts", "(", "Netherlands", ")", "Palmans", "10.", "Kaspars", "Ozers", "(", "Latvia", ")", "Motorola", "all", "same", "time", "."], "y": ["O", "B-PER", "I-PER", "O", "B-LOC", "O", "B-ORG", "O", "B-PER", "I-PER", "O", "B-LOC", "O", "B-ORG", "O", "B-PER", "I-PER", "O", "B-LOC", "O", "B-ORG", "O", "O", "O", "O"], "sample_id": 78}
{"x": ["6.", "Jans", "Koerts", "(", "Netherlands", ")", "Palmans", "10.", "Kaspars", "Ozers", "(", "Latvia", ")", "Motorola", "all", "same", "time", ".", "Leading", "overall", "standings", "after", "second", "stage", "."], "y": ["O", "B-PER", "I-PER", "O", "B-LOC", "O", "B-ORG", "O", "B-PER", "I-PER", "O", "B-LOC", "O", "B-ORG", "O", "O", "O", "O", "O", "O", "O", "O", "O", "O", "O"], "sample_id": 79}
{"x": ["10.", "Kaspars", "Ozers", "(", "Latvia", ")", "Motorola", "all", "same", "time", ".", "Leading", "overall", "standings", "after", "second", "stage", ".", "9.", "Lance", "Armstrong", "(", "U.S.", ")", "Motorola", "9"], "y": ["O", "B-PER", "I-PER", "O", "B-LOC", "O", "B-ORG", "O", "O", "O", "O", "O", "O", "O", "O", "O", "O", "O", "O", "B-PER", "I-PER", "O", "B-LOC", "O", "B-ORG", "O"], "sample_id": 80}
{"x": ["Leading", "overall", "standings", "after", "second", "stage", ".", "9.", "Lance", "Armstrong", "(", "U.S.", ")", "Motorola", "9", "CYCLING", "-", "WORLD", "CHAMPIONSHIPS", "RESULTS", "."], "y": ["O", "O", "O", "O", "O", "O", "O", "O", "B-PER", "I-PER", "O", "B-LOC", "O", "B-ORG", "O", "O", "O", "O", "O", "O", "O"], "sample_id": 81}
{"x": ["9.", "Lance", "Armstrong", "(", "U.S.", ")", "Motorola", "9", "CYCLING", "-", "WORLD", "CHAMPIONSHIPS", "RESULTS", ".", "Results", "from", "the"], "y": ["O", "B-PER", "I-PER", "O", "B-LOC", "O", "B-ORG", "O", "O", "O", "O", "O", "O", "O", "O", "O", "O"], "sample_id": 82}
{"x": ["CYCLING", "-", "WORLD", "CHAMPIONSHIPS", "RESULTS", ".", "Results", "from", "the", "world", "track", "cycling", "championships", "on", "Wednesday", ":"], "y": ["O", "O", "O", "O", "O", "O", "O", "O", "O", "O", "O", "O", "O", "O", "O", "O"], "sample_id": 83}
{"x": ["Results", "from", "the", "world", "track", "cycling", "championships", "on", "Wednesday", ":", "Men", "'s", "individual", "pursuit", ":"], "y": ["O", "O", "O", "O", "O", "O", "O", "O", "O", "O", "O", "O", "O", "O", "O"], "sample_id": 84}
{"x": ["world", "track", "cycling", "championships", "on", "Wednesday", ":", "Men", "'s", "individual", "pursuit", ":", "Selected", "result", "from", "first", "round"], "y": ["O", "O", "O", "O", "O", "O", "O", "O", "O", "O", "O", "O", "O", "O", "O", "O", "O"], "sample_id": 85}
{"x": ["Men", "'s", "individual", "pursuit", ":", "Selected", "result", "from", "first", "round", "Quarter-finals"], "y": ["O", "O", "O", "O", "O", "O", "O", "O", "O", "O", "O"], "sample_id": 86}
{"x": ["Selected", "result", "from", "first", "round", "Quarter-finals", "4:21.715"], "y": ["O", "O", "O", "O", "O", "O", "O"], "sample_id": 87}
{"x": ["Quarter-finals", "4:21.715", "(", "Denmark", ")", "4:24.660"], "y": ["O", "O", "O", "B-LOC", "O", "O"], "sample_id": 88}
{"x": ["4:21.715", "(", "Denmark", ")", "4:24.660", "Alexei", "Markov", "(", "Russia", ")", "4:19.762", "beat", "Mariano", "Friedick", "(", "U.S.", ")"], "y": ["O", "O", "B-LOC", "O", "O", "B-PER", "I-PER", "O", "B-LOC", "O", "O", "O", "B-PER", "I-PER", "O", "B-LOC", "O"], "sample_id": 89}
{"x": ["(", "Denmark", ")", "4:24.660", "Alexei", "Markov", "(", "Russia", ")", "4:19.762", "beat", "Mariano", "Friedick", "(", "U.S.", ")", "4:20.241"], "y": ["O", "B-LOC", "O", "O", "B-PER", "I-PER", "O", "B-LOC", "O", "O", "O", "B-PER", "I-PER", "O", "B-LOC", "O", "O"], "sample_id": 90}
{"x": ["Alexei", "Markov", "(", "Russia", ")", "4:19.762", "beat", "Mariano", "Friedick", "(", "U.S.", ")", "4:20.241", "one", "kilometre", "time-trial", "final"], "y": ["B-PER", "I-PER", "O", "B-LOC", "O", "O", "O", "B-PER", "I-PER", "O", "B-LOC", "O", "O", "O", "O", "O", "O"], "sample_id": 91}
{"x": ["4:20.241", "one", "kilometre", "time-trial", "final", "4.", "Herve", "Thuet", "(", "France", ")", "1:04.732"], "y": ["O", "O", "O", "O", "O", "O", "B-PER", "I-PER", "O", "B-LOC", "O", "O"], "sample_id": 92}
{"x": ["one", "kilometre", "time-trial", "final", "4.", "Herve", "Thuet", "(", "France", ")", "1:04.732", "7.", "Dimitrios", "Georgalis", "(", "Greece", ")", "1:05.022"], "y": ["O", "O", "O", "O", "O", "B-PER", "I-PER", "O", "B-LOC", "O", "O", "O", "B-PER", "I-PER", "O", "B-LOC", "O", "O"], "sample_id": 93}
{"x": ["4.", "Herve", "Thuet", "(", "France", ")", "1:04.732", "7.", "Dimitrios", "Georgalis", "(", "Greece", ")", "1:05.022", "8.", "Jose", "Moreno", "(", "Spain", ")", "1:05.219"], "y": ["O", "B-PER", "I-PER", "O", "B-LOC", "O", "O", "O", "B-PER", "I-PER", "O", "B-LOC", "O", "O", "O", "B-PER", "I-PER", "O", "B-LOC", "O", "O"], "sample_id": 94}
{"x": ["7.", "Dimitrios", "Georgalis", "(", "Greece", ")", "1:05.022", "8.", "Jose", "Moreno", "(", "Spain", ")", "1:05.219", "10.", "Graham", "Sharman", "(", "Australia", ")", "1:05.406"], "y": ["O", "B-PER", "I-PER", "O", "B-LOC", "O", "O", "O", "B-PER", "I-PER", "O", "B-LOC", "O", "O", "O", "B-PER", "I-PER", "O", "B-LOC", "O", "O"], "sample_id": 95}
{"x": ["8.", "Jose", "Moreno", "(", "Spain", ")", "1:05.219", "10.", "Graham", "Sharman", "(", "Australia", ")", "1:05.406", "13.", "Christian", "Meidlinger", "(", "Austria", ")", "1:05.850"], "y": ["O", "B-PER", "I-PER", "O", "B-LOC", "O", "O", "O", "B-PER", "I-PER", "O", "B-LOC", "O", "O", "O", "B-PER", "I-PER", "O", "B-LOC", "O", "O"], "sample_id": 96}
{"x": ["10.", "Graham", "Sharman", "(", "Australia", ")", "1:05.406", "13.", "Christian", "Meidlinger", "(", "Austria", ")", "1:05.850", "14.", "Darren", "McKenzie-Potter", "(", "New", "Zealand", ")", "1:06.289"], "y": ["O", "B-PER", "I-PER", "O", "B-LOC", "O", "O", "O", "B-PER", "I-PER", "O", "B-LOC", "O", "O", "O", "B-PER", "I-PER", "O", "B-LOC", "I-LOC", "O", "O"], "sample_id": 97}
{"x": ["13.", "Christian", "Meidlinger", "(", "Austria", ")", "1:05.850", "14.", "Darren", "McKenzie-Potter", "(", "New", "Zealand", ")", "1:06.289", "2.", "Gary", "Neiwand", "(", "Australia", ")"], "y": ["O", "B-PER", "I-PER", "O", "B-LOC", "O", "O", "O", "B-PER", "I-PER", "O", "B-LOC", "I-LOC", "O", "O", "O", "B-PER", "I-PER", "O", "B-LOC", "O"], "sample_id": 98}
{"x": ["14.", "Darren", "McKenzie-Potter", "(", "New", "Zealand", ")", "1:06.289", "2.", "Gary", "Neiwand", "(", "Australia", ")", "4.", "Pavel", "Buran", "(", "Czech", "Republic", ")"], "y": ["O", "B-PER", "I-PER", "O", "B-LOC", "I-LOC", "O", "O", "O", "B-PER", "I-PER", "O", "B-LOC", "O", "O", "B-PER", "I-PER", "O", "B-LOC", "I-LOC", "O"], "sample_id": 99}
{"x": ["2.", "Gary", "Neiwand", "(", "Australia", ")", "4.", "Pavel", "Buran", "(", "Czech", "Republic", ")", "1.", "Silvio", "Martinelli", "-", "Marco", "Villa", "(", "Italy", ")", "34", "points", ",", "in", "a"], "y": ["O", "B-PER", "I-PER", "O", "B-LOC", "O", "O", "B-PER", "I-PER", "O", "B-LOC", "I-LOC", "O", "O", "B-PER", "I-PER", "O", "B-PER", "I-PER", "O", "B-LOC", "O", "O", "O", "O", "O", "O"], "sample_id": 100}
{"x": ["4.", "Pavel", "Buran", "(", "Czech", "Republic", ")", "1.", "Silvio", "Martinelli", "-", "Marco", "Villa", "(", "Italy", ")", "34", "points", ",", "in", "a", "time", "of", "55", "minutes", "47.4", "seconds"], "y": ["O", "B-PER", "I-PER", "O", "B-LOC", "I-LOC", "O", "O", "B-PER", "I-PER", "O", "B-PER", "I-PER", "O", "B-LOC", "O", "O", "O", "O", "O", "O", "O", "O", "O", "O", "O", "O"], "sample_id": 101}
{"x": ["1.", "Silvio", "Martinelli", "-", "Marco", "Villa", "(", "Italy", ")", "34", "points", ",", "in", "a", "time", "of", "55", "minutes", "47.4", "seconds", "4.", "Kurt", "Betschart", "-", "Bruno", "Risi", "(", "Switzerland", ")", "22"], "y": ["O", "B-PER", "I-PER", "O", "B-PER", "I-PER", "O", "B-LOC", "O", "O", "O", "O", "O", "O", "O", "O", "O", "O", "O", "O", "O", "B-PER", "I-PER", "O", "B-PER", "I-PER", "O", "B-LOC", "O", "O"], "sample_id": 102}
{"x": ["time", "of", "55", "minutes", "47.4", "seconds", "4.", "Kurt", "Betschart", "-", "Bruno", "Risi", "(", "Switzerland", ")", "22", "5.", "Gabriel", "Curuchet", "-", "Juan", "Curuchet", "(", "Argentine", ")", "15"], "y": ["O", "O", "O", "O", "O", "O", "O", "B-PER", "I-PER", "O", "B-PER", "I-PER", "O", "B-LOC", "O", "O", "O", "B-PER", "I-PER", "O", "B-PER", "I-PER", "O", "B-MISC", "O", "O"], "sample_id": 103}
{"x": ["4.", "Kurt", "Betschart", "-", "Bruno", "Risi", "(", "Switzerland", ")", "22", "5.", "Gabriel", "Curuchet", "-", "Juan", "Curuchet", "(", "Argentine", ")", "15", "7.", "J", "immi", "Madsen", "-", "Jens", "Veggerby", "(", "Denmark", ")", "14"], "y": ["O", "B-PER", "I-PER", "O", "B-PER", "I-PER", "O", "B-LOC", "O", "O", "O", "B-PER", "I-PER", "O", "B-PER", "I-PER", "O", "B-MISC", "O", "O", "O", "B-PER", "I-PER", "I-PER", "O", "B-PER", "I-PER", "O", "B-LOC", "O", "O"], "sample_id": 104}
{"x": ["5.", "Gabriel", "Curuchet", "-", "Juan", "Curuchet", "(", "Argentine", ")", "15", "7.", "J", "immi", "Madsen", "-", "Jens", "Veggerby", "(", "Denmark", ")", "14", "9.", "Wolfgang", "Kotzmann", "-", "Franz", "Stocher", "(", "Austria", ")", "5"], "y": ["O", "B-PER", "I-PER", "O", "B-PER", "I-PER", "O", "B-MISC", "O", "O", "O", "B-PER", "I-PER", "I-PER", "O", "B-PER", "I-PER", "O", "B-LOC", "O", "O", "O", "B-PER", "I-PER", "O", "B-PER", "I-PER", "O", "B-LOC", "O", "O"], "sample_id": 105}
{"x": ["7.", "J", "immi", "Madsen", "-", "Jens", "Veggerby", "(", "Denmark", ")", "14", "9.", "Wolfgang", "Kotzmann", "-", "Franz", "Stocher", "(", "Austria", ")", "5", "CYCLING", "-", "BOARDMAN", "FULFILS", "WORLD", "RECORD", "PREDICTION", "."], "y": ["O", "B-PER", "I-PER", "I-PER", "O", "B-PER", "I-PER", "O", "B-LOC", "O", "O", "O", "B-PER", "I-PER", "O", "B-PER", "I-PER", "O", "B-LOC", "O", "O", "O", "O", "B-PER", "O", "O", "O", "O", "O"], "sample_id": 106}
{"x": ["9.", "Wolfgang", "Kotzmann", "-", "Franz", "Stocher", "(", "Austria", ")", "5", "CYCLING", "-", "BOARDMAN", "FULFILS", "WORLD", "RECORD", "PREDICTION", ".", "Martin", "Ayres"], "y": ["O", "B-PER", "I-PER", "O", "B-PER", "I-PER", "O", "B-LOC", "O", "O", "O", "O", "B-PER", "O", "O", "O", "O", "O", "B-PER", "I-PER"], "sample_id": 107}
{"x": ["CYCLING", "-", "BOARDMAN", "FULFILS", "WORLD", "RECORD", "PREDICTION", ".", "Martin", "Ayres", "MANCHESTER", ",", "England", "1996-08-28"], "y": ["O", "O", "B-PER", "O", "O", "O", "O", "O", "B-PER", "I-PER", "B-LOC", "O", "B-LOC", "O"], "sample_id": 108}
{"x": ["Martin", "Ayres", "MANCHESTER", ",", "England", "1996-08-28", "I", "do", "n't", "know", "if", "I", "can", "go", "any", "faster", "."], "y": ["B-PER", "I-PER", "B-LOC", "O", "B-LOC", "O", "O", "O", "O", "O", "O", "O", "O", "O", "O", "O", "O"], "sample_id": 109}
{"x": ["MANCHESTER", ",", "England", "1996-08-28", "I", "do", "n't", "know", "if", "I", "can", "go", "any", "faster", ".", "Who", "knows", "what", "will", "happen", "in", "the", "later", "stages", "?", "\""], "y": ["B-LOC", "O", "B-LOC", "O", "O", "O", "O", "O", "O", "O", "O", "O", "O", "O", "O", "O", "O", "O", "O", "O", "O", "O", "O", "O", "O", "O"], "sample_id": 110}
{"x": ["I", "do", "n't", "know", "if", "I", "can", "go", "any", "faster", ".", "Who", "knows", "what", "will", "happen", "in", "the", "later", "stages", "?", "\"", "Obree", "was", "forced", "to", "pull", "out", "of", "his", "title", "defence", "because", "of", "a", "viral", "infection", "."], "y": ["O", "O", "O", "O", "O", "O", "O", "O", "O", "O", "O", "O", "O", "O", "O", "O", "O", "O", "O", "O", "O", "O", "B-PER", "O", "O", "O", "O", "O", "O", "O", "O", "O", "O", "O", "O", "O", "O", "O"], "sample_id": 111}
{"x": ["Who", "knows", "what", "will", "happen", "in", "the", "later", "stages", "?", "\"", "Obree", "was", "forced", "to", "pull", "out", "of", "his", "title", "defence", "because", "of", "a", "viral", "infection", ".", "Qualifiers", "for", "Wednesday", "evening", "'s", "quarter-finals", ":"], "y": ["O", "O", "O", "O", "O", "O", "O", "O", "O", "O", "O", "B-PER", "O", "O", "O", "O", "O", "O", "O", "O", "O", "O", "O", "O", "O", "O", "O", "O", "O", "O", "O", "O", "O", "O"], "sample_id": 112}
{"x": ["Obree", "was", "forced", "to", "pull", "out", "of", "his", "title", "defence", "because", "of", "a", "viral", "infection", ".", "Qualifiers", "for", "Wednesday", "evening", "'s", "quarter-finals", ":", "3.", "Mariano", "Friedick", "(", "U.S.", ")", "4:19.808"], "y": ["B-PER", "O", "O", "O", "O", "O", "O", "O", "O", "O", "O", "O", "O", "O", "O", "O", "O", "O", "O", "O", "O", "O", "O", "O", "B-PER", "I-PER", "O", "B-LOC", "O", "O"], "sample_id": 113}
{"x": ["Qualifiers", "for", "Wednesday", "evening", "'s", "quarter-finals", ":", "3.", "Mariano", "Friedick", "(", "U.S.", ")", "4:19.808", "6.", "Alexei", "Markov", "(", "Russia", ")", "4:22.738"], "y": ["O", "O", "O", "O", "O", "O", "O", "O", "B-PER", "I-PER", "O", "B-LOC", "O", "O", "O", "B-PER", "I-PER", "O", "B-LOC", "O", "O"], "sample_id": 114}
{"x": ["3.", "Mariano", "Friedick", "(", "U.S.", ")", "4:19.808", "6.", "Alexei", "Markov", "(", "Russia", ")", "4:22.738", "Britain", "'s", "Chris", "Boardman", "broke", "the", "world", "4,000", "metres", "cycling", "record", "by", "more", "than", "six", "seconds", "at", "the", "world", "championships", "on", "Wednesday", "."], "y": ["O", "B-PER", "I-PER", "O", "B-LOC", "O", "O", "O", "B-PER", "I-PER", "O", "B-LOC", "O", "O", "B-LOC", "O", "B-PER", "I-PER", "O", "O", "O", "O", "O", "O", "O", "O", "O", "O", "O", "O", "O", "O", "O", "O", "O", "O", "O"], "sample_id": 115}
{"x": ["6.", "Alexei", "Markov", "(", "Russia", ")", "4:22.738", "Britain", "'s", "Chris", "Boardman", "broke", "the", "world", "4,000", "metres", "cycling", "record", "by", "more", "than", "six", "seconds", "at", "the", "world", "championships", "on", "Wednesday", ".", "SOCCER", "-", "ENGLISH", "FIRST", "DIVISION", "RESULTS", "/", "STANDINGS", "."], "y": ["O", "B-PER", "I-PER", "O", "B-LOC", "O", "O", "B-LOC", "O", "B-PER", "I-PER", "O", "O", "O", "O", "O", "O", "O", "O", "O", "O", "O", "O", "O", "O", "O", "O", "O", "O", "O", "O", "O", "B-MISC", "O", "O", "O", "O", "O", "O"], "sample_id": 116}
{"x": ["Britain", "'s", "Chris", "Boardman", "broke", "the", "world", "4,000", "metres", "cycling", "record", "by", "more", "than", "six", "seconds", "at", "the", "world", "championships", "on", "Wednesday", ".", "SOCCER", "-", "ENGLISH", "FIRST", "DIVISION", "RESULTS", "/", "STANDINGS", ".", "Results", "of", "English", "first", "division"], "y": ["B-LOC", "O", "B-PER", "I-PER", "O", "O", "O", "O", "O", "O", "O", "O", "O", "O", "O", "O", "O", "O", "O", "O", "O", "O", "O", "O", "O", "B-MISC", "O", "O", "O", "O", "O", "O", "O", "O", "B-MISC", "O", "O"], "sample_id": 117}
{"x": ["SOCCER", "-", "ENGLISH", "FIRST", "DIVISION", "RESULTS", "/", "STANDINGS", ".", "Results", "of", "English", "first", "division", "soccer", "matches", "on", "Wednesday", ":"], "y": ["O", "O", "B-MISC", "O", "O", "O", "O", "O", "O", "O", "O", "B-MISC", "O", "O", "O", "O", "O", "O", "O"], "sample_id": 118}
{"x": ["Results", "of", "English", "first", "division", "soccer", "matches", "on", "Wednesday", ":", "Standings", "(", "tabulated", "under", "played", ",", "won", ",", "drawn", ",", "lost", ",", "goals"], "y": ["O", "O", "B-MISC", "O", "O", "O", "O", "O", "O", "O", "O", "O", "O", "O", "O", "O", "O", "O", "O", "O", "O", "O", "O"], "sample_id": 119}
{"x": ["soccer", "matches", "on", "Wednesday", ":", "Standings", "(", "tabulated", "under", "played", ",", "won", ",", "drawn", ",", "lost", ",", "goals", "for", ",", "against", ",", "points", ")", ":"], "y": ["O", "O", "O", "O", "O", "O", "O", "O", "O", "O", "O", "O", "O", "O", "O", "O", "O", "O", "O", "O", "O", "O", "O", "O", "O"], "sample_id": 120}
{"x": ["Standings", "(", "tabulated", "under", "played", ",", "won", ",", "drawn", ",", "lost", ",", "goals", "for", ",", "against", ",", "points", ")", ":", "Wolverhampton", "3", "2", "1", "0", "5", "2", "7"], "y": ["O", "O", "O", "O", "O", "O", "O", "O", "O", "O", "O", "O", "O", "O", "O", "O", "O", "O", "O", "O", "B-ORG", "O", "O", "O", "O", "O", "O", "O"], "sample_id": 121}
{"x": ["for", ",", "against", ",", "points", ")", ":", "Wolverhampton", "3", "2", "1", "0", "5", "2", "7", "Oxford", "3", "1", "0", "2", "6", "3", "3"], "y": ["O", "O", "O", "O", "O", "O", "O", "B-ORG", "O", "O", "O", "O", "O", "O", "O", "B-ORG", "O", "O", "O", "O", "O", "O", "O"], "sample_id": 122}
{"x": ["Wolverhampton", "3", "2", "1", "0", "5", "2", "7", "Oxford", "3", "1", "0", "2", "6", "3", "3", "Port", "Vale", "3", "0", "2", "1", "2", "4", "2"], "y": ["B-ORG", "O", "O", "O", "O", "O", "O", "O", "B-ORG", "O", "O", "O", "O", "O", "O", "O", "B-ORG", "I-ORG", "O", "O", "O", "O", "O", "O", "O"], "sample_id": 123}
{"x": ["Oxford", "3", "1", "0", "2", "6", "3", "3", "Port", "Vale", "3", "0", "2", "1", "2", "4", "2", "Oldham", "3", "0", "0", "3", "2", "6", "0"], "y": ["B-ORG", "O", "O", "O", "O", "O", "O", "O", "B-ORG", "I-ORG", "O", "O", "O", "O", "O", "O", "O", "B-ORG", "O", "O", "O", "O", "O", "O", "O"], "sample_id": 124}
{"x": ["Port", "Vale", "3", "0", "2", "1", "2", "4", "2", "Oldham", "3", "0", "0", "3", "2", "6", "0", "CRICKET", "-", "ENGLISH", "COUNTY", "CHAMPIONSHIP", "SCORES", "."], "y": ["B-ORG", "I-ORG", "O", "O", "O", "O", "O", "O", "O", "B-ORG", "O", "O", "O", "O", "O", "O", "O", "O", "O", "B-MISC", "B-MISC", "I-MISC", "O", "O"], "sample_id": 125}
{"x": ["Oldham", "3", "0", "0", "3", "2", "6", "0", "CRICKET", "-", "ENGLISH", "COUNTY", "CHAMPIONSHIP", "SCORES", ".", "Close", "of", "play", "scores", "on", "the", "first"], "y": ["B-ORG", "O", "O", "O", "O", "O", "O", "O", "O", "O", "B-MISC", "B-MISC", "I-MISC", "O", "O", "O", "O", "O", "O", "O", "O", "O"], "sample_id": 126}
{"x": ["CRICKET", "-", "ENGLISH", "COUNTY", "CHAMPIONSHIP", "SCORES", ".", "Close", "of", "play", "scores", "on", "the", "first", "day", "of", "four-day", "English", "County", "Championship", "cricket", "matches", "on"], "y": ["O", "O", "B-MISC", "B-MISC", "I-MISC", "O", "O", "O", "O", "O", "O", "O", "O", "O", "O", "O", "O", "B-MISC", "B-MISC", "I-MISC", "O", "O", "O"], "sample_id": 127}
{"x": ["Close", "of", "play", "scores", "on", "the", "first", "day", "of", "four-day", "English", "County", "Championship", "cricket", "matches", "on", "Wednesday", ":"], "y": ["O", "O", "O", "O", "O", "O", "O", "O", "O", "O", "B-MISC", "B-MISC", "I-MISC", "O", "O", "O", "O", "O"], "sample_id": 128}
{"x": ["day", "of", "four-day", "English", "County", "Championship", "cricket", "matches", "on", "Wednesday", ":", "SOCCER", "-", "FOWLER", "AND", "MCMANAMAN", "OUT", "OF", "ENGLAND", "SQUAD", "."], "y": ["O", "O", "O", "B-MISC", "B-MISC", "I-MISC", "O", "O", "O", "O", "O", "O", "O", "B-PER", "O", "B-PER", "O", "O", "B-LOC", "O", "O"], "sample_id": 129}
{"x": ["Wednesday", ":", "SOCCER", "-", "FOWLER", "AND", "MCMANAMAN", "OUT", "OF", "ENGLAND", "SQUAD", ".", "\"", "The", "more", "important", "thing", "for", "me", "was", "to", "get", "them", "down", "here", "and", "have", "a", "chat", "."], "y": ["O", "O", "O", "O", "B-PER", "O", "B-PER", "O", "O", "B-LOC", "O", "O", "O", "O", "O", "O", "O", "O", "O", "O", "O", "O", "O", "O", "O", "O", "O", "O", "O", "O"], "sample_id": 130}
{"x": ["SOCCER", "-", "FOWLER", "AND", "MCMANAMAN", "OUT", "OF", "ENGLAND", "SQUAD", ".", "\"", "The", "more", "important", "thing", "for", "me", "was", "to", "get", "them", "down", "here", "and", "have", "a", "chat", ".", "To", "go", "another", "five", "weeks", "without", "that", "chance", "would", "have", "been", "foolish", ",", "\"", "he", "added", "."], "y": ["O", "O", "B-PER", "O", "B-PER", "O", "O", "B-LOC", "O", "O", "O", "O", "O", "O", "O", "O", "O", "O", "O", "O", "O", "O", "O", "O", "O", "O", "O", "O", "O", "O", "O", "O", "O", "O", "O", "O", "O", "O", "O", "O", "O", "O", "O", "O", "O"], "sample_id": 131}
{"x": ["\"", "The", "more", "important", "thing", "for", "me", "was", "to", "get", "them", "down", "here", "and", "have", "a", "chat", ".", "To", "go", "another", "five", "weeks", "without", "that", "chance", "would", "have", "been", "foolish", ",", "\"", "he", "added", ".", "It", "was", "his", "fourth", "riding", "offence", "this", "season", "."], "y": ["O", "O", "O", "O", "O", "O", "O", "O", "O", "O", "O", "O", "O", "O", "O", "O", "O", "O", "O", "O", "O", "O", "O", "O", "O", "O", "O", "O", "O", "O", "O", "O", "O", "O", "O", "O", "O", "O", "O", "O", "O", "O", "O", "O"], "sample_id": 132}
{"x": ["To", "go", "another", "five", "weeks", "without", "that", "chance", "would", "have", "been", "foolish", ",", "\"", "he", "added", ".", "It", "was", "his", "fourth", "riding", "offence", "this", "season", ".", "He", "shared", "victory", "with", "Matthew", "Pinsent", "in", "the", "coxless", "pairs", "at", "the", "Atlanta", "Games", "and", "said", "at", "the", "time", "that", "would", "be", "his", "last", "shot", "."], "y": ["O", "O", "O", "O", "O", "O", "O", "O", "O", "O", "O", "O", "O", "O", "O", "O", "O", "O", "O", "O", "O", "O", "O", "O", "O", "O", "O", "O", "O", "O", "B-PER", "I-PER", "O", "O", "O", "O", "O", "O", "B-MISC", "I-MISC", "O", "O", "O", "O", "O", "O", "O", "O", "O", "O", "O", "O"], "sample_id": 133}
{"x": ["It", "was", "his", "fourth", "riding", "offence", "this", "season", ".", "He", "shared", "victory", "with", "Matthew", "Pinsent", "in", "the", "coxless", "pairs", "at", "the", "Atlanta", "Games", "and", "said", "at", "the", "time", "that", "would", "be", "his", "last", "shot", ".", "But", "he", "has", "had", "second", "thoughts", "since", "then", ".", "\""], "y": ["O", "O", "O", "O", "O", "O", "O", "O", "O", "O", "O", "O", "O", "B-PER", "I-PER", "O", "O", "O", "O", "O", "O", "B-MISC", "I-MISC", "O", "O", "O", "O", "O", "O", "O", "O", "O", "O", "O", "O", "O", "O", "O", "O", "O", "O", "O", "O", "O", "O"], "sample_id": 134}
{"x": ["He", "shared", "victory", "with", "Matthew", "Pinsent", "in", "the", "coxless", "pairs", "at", "the", "Atlanta", "Games", "and", "said", "at", "the", "time", "that", "would", "be", "his", "last", "shot", ".", "But", "he", "has", "had", "second", "thoughts", "since", "then", ".", "\"", "I", "'m", "only", "34", "."], "y": ["O", "O", "O", "O", "B-PER", "I-PER", "O", "O", "O", "O", "O", "O", "B-MISC", "I-MISC", "O", "O", "O", "O", "O", "O", "O", "O", "O", "O", "O", "O", "O", "O", "O", "O", "O", "O", "O", "O", "O", "O", "O", "O", "O", "O", "O"], "sample_id": 135}
{"x": ["But", "he", "has", "had", "second", "thoughts", "since", "then", ".", "\"", "I", "'m", "only", "34", ".", "Some", "say", "that", "'s", "too", "old", "for", "an", "athlete", ",", "\"", "he", "said", "."], "y": ["O", "O", "O", "O", "O", "O", "O", "O", "O", "O", "O", "O", "O", "O", "O", "O", "O", "O", "O", "O", "O", "O", "O", "O", "O", "O", "O", "O", "O"], "sample_id": 136}
{"x": ["I", "'m", "only", "34", ".", "Some", "say", "that", "'s", "too", "old", "for", "an", "athlete", ",", "\"", "he", "said", "."], "y": ["O", "O", "O", "O", "O", "O", "O", "O", "O", "O", "O", "O", "O", "O", "O", "O", "O", "O", "O"], "sample_id": 137}
