{"x": ["2009", "65M", "-", "-", "2010", "60M", "-", "100M", "2011", "30M", "-", "90M"], "y": ["O", "O", "O", "O", "O", "O", "O", "O", "O", "O", "O", "O"], "sample_id": 0}
{"x": ["2010", "60M", "-", "100M", "2011", "30M", "-", "90M", "2012", "20M", "-", "35M"], "y": ["O", "O", "O", "O", "O", "O", "O", "O", "O", "O", "O", "O"], "sample_id": 1}
{"x": ["2011", "30M", "-", "90M", "2012", "20M", "-", "35M", "TOTAL", ":", "11,450"], "y": ["O", "O", "O", "O", "O", "O", "O", "O", "O", "O", "O"], "sample_id": 2}
{"x": ["2012", "20M", "-", "35M", "TOTAL", ":", "11,450", "A.G.", "Edwards", "&", "Sons", ",", "Inc", "."], "y": ["O", "O", "O", "O", "O", "O", "O", "B-ORG", "I-ORG", "I-ORG", "I-ORG", "I-ORG", "I-ORG", "O"], "sample_id": 3}
{"x": ["TOTAL", ":", "11,450", "A.G.", "Edwards", "&", "Sons", ",", "Inc", ".", "The", "same", "pattern", "of", "the", "past", "few", "days", "persisted", "with", "futures", "declining", "early", "on", "the", "profit", "taking", "before", "firming", "late", "."], "y": ["O", "O", "O", "B-ORG", "I-ORG", "I-ORG", "I-ORG", "I-ORG", "I-ORG", "O", "O", "O", "O", "O", "O", "O", "O", "O", "O", "O", "O", "O", "O", "O", "O", "O", "O", "O", "O", "O", "O"], "sample_id": 4}
{"x": ["A.G.", "Edwards", "&", "Sons", ",", "Inc", ".", "The", "same", "pattern", "of", "the", "past", "few", "days", "persisted", "with", "futures", "declining", "early", "on", "the", "profit", "taking", "before", "firming", "late", ".", "There", "was", "cash-related", "buying", "late", "from", "people", "who", "want", "to", "take", "delivery", "of", "the", "September", "contract", ",", "they", "said", "."], "y": ["B-ORG", "I-ORG", "I-ORG", "I-ORG", "I-ORG", "I-ORG", "O", "O", "O", "O", "O", "O", "O", "O", "O", "O", "O", "O", "O", "O", "O", "O", "O", "O", "O", "O", "O", "O", "O", "O", "O", "O", "O", "O", "O", "O", "O", "O", "O", "O", "O", "O", "O", "O", "O", "O", "O", "O"], "sample_id": 5}
{"x": ["The", "same", "pattern", "of", "the", "past", "few", "days", "persisted", "with", "futures", "declining", "early", "on", "the", "profit", "taking", "before", "firming", "late", ".", "There", "was", "cash-related", "buying", "late", "from", "people", "who", "want", "to", "take", "delivery", "of", "the", "September", "contract", ",", "they", "said", ".", "Cash", "sources", "noted", "that", "although", "the", "cash", "market", "is", "generally", "quiet", ",", "prices", "remain", "firm", "on", "demand", "for", "prompt", "delivery", "wood", ",", "they", "added", "."], "y": ["O", "O", "O", "O", "O", "O", "O", "O", "O", "O", "O", "O", "O", "O", "O", "O", "O", "O", "O", "O", "O", "O", "O", "O", "O", "O", "O", "O", "O", "O", "O", "O", "O", "O", "O", "O", "O", "O", "O", "O", "O", "O", "O", "O", "O", "O", "O", "O", "O", "O", "O", "O", "O", "O", "O", "O", "O", "O", "O", "O", "O", "O", "O", "O", "O", "O"], "sample_id": 6}
{"x": ["There", "was", "cash-related", "buying", "late", "from", "people", "who", "want", "to", "take", "delivery", "of", "the", "September", "contract", ",", "they", "said", ".", "Cash", "sources", "noted", "that", "although", "the", "cash", "market", "is", "generally", "quiet", ",", "prices", "remain", "firm", "on", "demand", "for", "prompt", "delivery", "wood", ",", "they", "added", ".", "Random", "Lengths", "quoted", "cash", "spruce", "at", "$", "419", "per", "tbf", ",", "up", "$", "5", "from", "last", "Friday", "and", "$", "7", "over", "the", "last", "midweek", "quote", "."], "y": ["O", "O", "O", "O", "O", "O", "O", "O", "O", "O", "O", "O", "O", "O", "O", "O", "O", "O", "O", "O", "O", "O", "O", "O", "O", "O", "O", "O", "O", "O", "O", "O", "O", "O", "O", "O", "O", "O", "O", "O", "O", "O", "O", "O", "O", "O", "O", "O", "O", "O", "O", "O", "O", "O", "O", "O", "O", "O", "O", "O", "O", "O", "O", "O", "O", "O", "O", "O", "O", "O", "O"], "sample_id": 7}
{"x": ["Cash", "sources", "noted", "that", "although", "the", "cash", "market", "is", "generally", "quiet", ",", "prices", "remain", "firm", "on", "demand", "for", "prompt", "delivery", "wood", ",", "they", "added", ".", "Random", "Lengths", "quoted", "cash", "spruce", "at", "$", "419", "per", "tbf", ",", "up", "$", "5", "from", "last", "Friday", "and", "$", "7", "over", "the", "last", "midweek", "quote", ".", "Reduced", "concern", "over", "Hurricane", "Edouard", "prompted", "some", "of", "the", "early", "profit", "taking", "."], "y": ["O", "O", "O", "O", "O", "O", "O", "O", "O", "O", "O", "O", "O", "O", "O", "O", "O", "O", "O", "O", "O", "O", "O", "O", "O", "O", "O", "O", "O", "O", "O", "O", "O", "O", "O", "O", "O", "O", "O", "O", "O", "O", "O", "O", "O", "O", "O", "O", "O", "O", "O", "O", "O", "O", "O", "B-MISC", "O", "O", "O", "O", "O", "O", "O", "O"], "sample_id": 8}
{"x": ["Random", "Lengths", "quoted", "cash", "spruce", "at", "$", "419", "per", "tbf", ",", "up", "$", "5", "from", "last", "Friday", "and", "$", "7", "over", "the", "last", "midweek", "quote", ".", "Reduced", "concern", "over", "Hurricane", "Edouard", "prompted", "some", "of", "the", "early", "profit", "taking", ".", "Expectations", "the", "storm", "would", "turn", "more", "to", "the", "north", "partly", "eased", "concerns", ",", "they", "said", "."], "y": ["O", "O", "O", "O", "O", "O", "O", "O", "O", "O", "O", "O", "O", "O", "O", "O", "O", "O", "O", "O", "O", "O", "O", "O", "O", "O", "O", "O", "O", "O", "B-MISC", "O", "O", "O", "O", "O", "O", "O", "O", "O", "O", "O", "O", "O", "O", "O", "O", "O", "O", "O", "O", "O", "O", "O", "O"], "sample_id": 9}
{"x": ["Reduced", "concern", "over", "Hurricane", "Edouard", "prompted", "some", "of", "the", "early", "profit", "taking", ".", "Expectations", "the", "storm", "would", "turn", "more", "to", "the", "north", "partly", "eased", "concerns", ",", "they", "said", ".", "Lumber", "closed", "$", "2.20", "to", "$", "0.20", "per", "tbf", "lower", "with", "September", "off", "$", "0.70", "at", "$", "413.20", "and", "November", "off", "most", "at", "$", "369.00", "per", "tbf", "."], "y": ["O", "O", "O", "O", "B-MISC", "O", "O", "O", "O", "O", "O", "O", "O", "O", "O", "O", "O", "O", "O", "O", "O", "O", "O", "O", "O", "O", "O", "O", "O", "O", "O", "O", "O", "O", "O", "O", "O", "O", "O", "O", "O", "O", "O", "O", "O", "O", "O", "O", "O", "O", "O", "O", "O", "O", "O", "O", "O"], "sample_id": 10}
{"x": ["Expectations", "the", "storm", "would", "turn", "more", "to", "the", "north", "partly", "eased", "concerns", ",", "they", "said", ".", "Lumber", "closed", "$", "2.20", "to", "$", "0.20", "per", "tbf", "lower", "with", "September", "off", "$", "0.70", "at", "$", "413.20", "and", "November", "off", "most", "at", "$", "369.00", "per", "tbf", ".", "Greg", "Frost"], "y": ["O", "O", "O", "O", "O", "O", "O", "O", "O", "O", "O", "O", "O", "O", "O", "O", "O", "O", "O", "O", "O", "O", "O", "O", "O", "O", "O", "O", "O", "O", "O", "O", "O", "O", "O", "O", "O", "O", "O", "O", "O", "O", "O", "O", "B-PER", "I-PER"], "sample_id": 11}
{"x": ["Lumber", "closed", "$", "2.20", "to", "$", "0.20", "per", "tbf", "lower", "with", "September", "off", "$", "0.70", "at", "$", "413.20", "and", "November", "off", "most", "at", "$", "369.00", "per", "tbf", ".", "Greg", "Frost", "1996-08-28"], "y": ["O", "O", "O", "O", "O", "O", "O", "O", "O", "O", "O", "O", "O", "O", "O", "O", "O", "O", "O", "O", "O", "O", "O", "O", "O", "O", "O", "O", "B-PER", "I-PER", "O"], "sample_id": 12}
{"x": ["Greg", "Frost", "1996-08-28", "\"", "It", "'s", "definitely", "a", "turnabout", "from", "this", "past", "year", ",", "but", "you", "know", "last", "year", "we", "had", "pretty", "good", "moisture", "about", "this", "time", "of", "year", ",", "and", "then", "about", "October", "1", "it", "quit", ",", "\"", "said", "Mark", "Hodges", ",", "executive", "director", "of", "the", "Oklahoma", "Wheat", "Commission", ".", "\""], "y": ["B-PER", "I-PER", "O", "O", "O", "O", "O", "O", "O", "O", "O", "O", "O", "O", "O", "O", "O", "O", "O", "O", "O", "O", "O", "O", "O", "O", "O", "O", "O", "O", "O", "O", "O", "O", "O", "O", "O", "O", "O", "O", "B-PER", "I-PER", "O", "O", "O", "O", "O", "B-ORG", "I-ORG", "I-ORG", "O", "O"], "sample_id": 13}
{"x": ["1996-08-28", "\"", "It", "'s", "definitely", "a", "turnabout", "from", "this", "past", "year", ",", "but", "you", "know", "last", "year", "we", "had", "pretty", "good", "moisture", "about", "this", "time", "of", "year", ",", "and", "then", "about", "October", "1", "it", "quit", ",", "\"", "said", "Mark", "Hodges", ",", "executive", "director", "of", "the", "Oklahoma", "Wheat", "Commission", ".", "\"", "Hopefully", "that", "'s", "not", "going", "to", "happen", "this", "year", ".", "\""], "y": ["O", "O", "O", "O", "O", "O", "O", "O", "O", "O", "O", "O", "O", "O", "O", "O", "O", "O", "O", "O", "O", "O", "O", "O", "O", "O", "O", "O", "O", "O", "O", "O", "O", "O", "O", "O", "O", "O", "B-PER", "I-PER", "O", "O", "O", "O", "O", "B-ORG", "I-ORG", "I-ORG", "O", "O", "O", "O", "O", "O", "O", "O", "O", "O", "O", "O", "O"], "sample_id": 14}
{"x": ["\"", "It", "'s", "definitely", "a", "turnabout", "from", "this", "past", "year", ",", "but", "you", "know", "last", "year", "we", "had", "pretty", "good", "moisture", "about", "this", "time", "of", "year", ",", "and", "then", "about", "October", "1", "it", "quit", ",", "\"", "said", "Mark", "Hodges", ",", "executive", "director", "of", "the", "Oklahoma", "Wheat", "Commission", ".", "\"", "Hopefully", "that", "'s", "not", "going", "to", "happen", "this", "year", ".", "\"", "According", "to", "figures", "released", "by", "the", "Oklahoma", "Climatological", "Survey", ",", "an", "average", "of", "20.19", "inches", "fell", "across", "the", "state", "between", "March", "1", "and", "August", "26", ",", "1996", "."], "y": ["O", "O", "O", "O", "O", "O", "O", "O", "O", "O", "O", "O", "O", "O", "O", "O", "O", "O", "O", "O", "O", "O", "O", "O", "O", "O", "O", "O", "O", "O", "O", "O", "O", "O", "O", "O", "O", "B-PER", "I-PER", "O", "O", "O", "O", "O", "B-ORG", "I-ORG", "I-ORG", "O", "O", "O", "O", "O", "O", "O", "O", "O", "O", "O", "O", "O", "O", "O", "O", "O", "O", "O", "B-MISC", "I-MISC", "I-MISC", "O", "O", "O", "O", "O", "O", "O", "O", "O", "O", "O", "O", "O", "O", "O", "O", "O", "O", "O"], "sample_id": 15}
{"x": ["Hopefully", "that", "'s", "not", "going", "to", "happen", "this", "year", ".", "\"", "According", "to", "figures", "released", "by", "the", "Oklahoma", "Climatological", "Survey", ",", "an", "average", "of", "20.19", "inches", "fell", "across", "the", "state", "between", "March", "1", "and", "August", "26", ",", "1996", ".", "He", "noted", "that", "the", "majority", "of", "that", "20.19", "inches", "had", "fallen", "since", "July", "."], "y": ["O", "O", "O", "O", "O", "O", "O", "O", "O", "O", "O", "O", "O", "O", "O", "O", "O", "B-MISC", "I-MISC", "I-MISC", "O", "O", "O", "O", "O", "O", "O", "O", "O", "O", "O", "O", "O", "O", "O", "O", "O", "O", "O", "O", "O", "O", "O", "O", "O", "O", "O", "O", "O", "O", "O", "O", "O"], "sample_id": 16}
{"x": ["According", "to", "figures", "released", "by", "the", "Oklahoma", "Climatological", "Survey", ",", "an", "average", "of", "20.19", "inches", "fell", "across", "the", "state", "between", "March", "1", "and", "August", "26", ",", "1996", ".", "He", "noted", "that", "the", "majority", "of", "that", "20.19", "inches", "had", "fallen", "since", "July", ".", "As", "an", "example", "of", "just", "how", "dry", "it", "was", ",", "data", "showed", "that", "between", "October", "1", ",", "1995", "and", "March", "1", ",", "1996", ",", "the", "state", "received", "an", "average", "of", "only", "4.6", "inches", "of", "rainfall", "."], "y": ["O", "O", "O", "O", "O", "O", "B-MISC", "I-MISC", "I-MISC", "O", "O", "O", "O", "O", "O", "O", "O", "O", "O", "O", "O", "O", "O", "O", "O", "O", "O", "O", "O", "O", "O", "O", "O", "O", "O", "O", "O", "O", "O", "O", "O", "O", "O", "O", "O", "O", "O", "O", "O", "O", "O", "O", "O", "O", "O", "O", "O", "O", "O", "O", "O", "O", "O", "O", "O", "O", "O", "O", "O", "O", "O", "O", "O", "O", "O", "O", "O", "O"], "sample_id": 17}
{"x": ["He", "noted", "that", "the", "majority", "of", "that", "20.19", "inches", "had", "fallen", "since", "July", ".", "As", "an", "example", "of", "just", "how", "dry", "it", "was", ",", "data", "showed", "that", "between", "October", "1", ",", "1995", "and", "March", "1", ",", "1996", ",", "the", "state", "received", "an", "average", "of", "only", "4.6", "inches", "of", "rainfall", ".", "First", "Union", "National", "Bank", "of", "Fla.", "settles", "suit", "."], "y": ["O", "O", "O", "O", "O", "O", "O", "O", "O", "O", "O", "O", "O", "O", "O", "O", "O", "O", "O", "O", "O", "O", "O", "O", "O", "O", "O", "O", "O", "O", "O", "O", "O", "O", "O", "O", "O", "O", "O", "O", "O", "O", "O", "O", "O", "O", "O", "O", "O", "O", "B-ORG", "I-ORG", "I-ORG", "I-ORG", "I-ORG", "I-ORG", "O", "O", "O"], "sample_id": 18}
{"x": ["As", "an", "example", "of", "just", "how", "dry", "it", "was", ",", "data", "showed", "that", "between", "October", "1", ",", "1995", "and", "March", "1", ",", "1996", ",", "the", "state", "received", "an", "average", "of", "only", "4.6", "inches", "of", "rainfall", ".", "First", "Union", "National", "Bank", "of", "Fla.", "settles", "suit", ".", "First", "Union", "National", "Bank", "of", "Florida", "said", "on", "Wednesday", "it", "agreed", "to", "settle", "a", "class", "action", "law", "suit", "involving", "its", "collateral", "protection", "insurance", "(", "CPI", ")", "program", "."], "y": ["O", "O", "O", "O", "O", "O", "O", "O", "O", "O", "O", "O", "O", "O", "O", "O", "O", "O", "O", "O", "O", "O", "O", "O", "O", "O", "O", "O", "O", "O", "O", "O", "O", "O", "O", "O", "B-ORG", "I-ORG", "I-ORG", "I-ORG", "I-ORG", "I-ORG", "O", "O", "O", "B-ORG", "I-ORG", "I-ORG", "I-ORG", "I-ORG", "I-ORG", "O", "O", "O", "O", "O", "O", "O", "O", "O", "O", "O", "O", "O", "O", "O", "O", "O", "O", "B-MISC", "O", "O", "O"], "sample_id": 19}
{"x": ["First", "Union", "National", "Bank", "of", "Fla.", "settles", "suit", ".", "First", "Union", "National", "Bank", "of", "Florida", "said", "on", "Wednesday", "it", "agreed", "to", "settle", "a", "class", "action", "law", "suit", "involving", "its", "collateral", "protection", "insurance", "(", "CPI", ")", "program", ".", "The", "bank", "said", "most", "of", "the", "charges", "resulted", "from", "loan", "portfolios", "from", "banks", "and", "thrifts", "that", "were", "acquired", "in", "the", "1980s", "."], "y": ["B-ORG", "I-ORG", "I-ORG", "I-ORG", "I-ORG", "I-ORG", "O", "O", "O", "B-ORG", "I-ORG", "I-ORG", "I-ORG", "I-ORG", "I-ORG", "O", "O", "O", "O", "O", "O", "O", "O", "O", "O", "O", "O", "O", "O", "O", "O", "O", "O", "B-MISC", "O", "O", "O", "O", "O", "O", "O", "O", "O", "O", "O", "O", "O", "O", "O", "O", "O", "O", "O", "O", "O", "O", "O", "O", "O"], "sample_id": 20}
{"x": ["First", "Union", "National", "Bank", "of", "Florida", "said", "on", "Wednesday", "it", "agreed", "to", "settle", "a", "class", "action", "law", "suit", "involving", "its", "collateral", "protection", "insurance", "(", "CPI", ")", "program", ".", "The", "bank", "said", "most", "of", "the", "charges", "resulted", "from", "loan", "portfolios", "from", "banks", "and", "thrifts", "that", "were", "acquired", "in", "the", "1980s", ".", "As", "part", "of", "the", "settlement", "agreement", ",", "customers", "who", "had", "CPI", "placed", "on", "loans", "from", "January", "1", ",", "1986", "to", "September", "31", ",", "1996", ",", "will", "receive", "cash", "or", "credit", "refunds", ",", "the", "bank", "said", "."], "y": ["B-ORG", "I-ORG", "I-ORG", "I-ORG", "I-ORG", "I-ORG", "O", "O", "O", "O", "O", "O", "O", "O", "O", "O", "O", "O", "O", "O", "O", "O", "O", "O", "B-MISC", "O", "O", "O", "O", "O", "O", "O", "O", "O", "O", "O", "O", "O", "O", "O", "O", "O", "O", "O", "O", "O", "O", "O", "O", "O", "O", "O", "O", "O", "O", "O", "O", "O", "O", "O", "B-MISC", "O", "O", "O", "O", "O", "O", "O", "O", "O", "O", "O", "O", "O", "O", "O", "O", "O", "O", "O", "O", "O", "O", "O", "O", "O"], "sample_id": 21}
{"x": ["The", "bank", "said", "most", "of", "the", "charges", "resulted", "from", "loan", "portfolios", "from", "banks", "and", "thrifts", "that", "were", "acquired", "in", "the", "1980s", ".", "As", "part", "of", "the", "settlement", "agreement", ",", "customers", "who", "had", "CPI", "placed", "on", "loans", "from", "January", "1", ",", "1986", "to", "September", "31", ",", "1996", ",", "will", "receive", "cash", "or", "credit", "refunds", ",", "the", "bank", "said", ".", "We", "can", "neither", "confirm", "nor", "deny", "that", "report", ",", "\"", "he", "said", "."], "y": ["O", "O", "O", "O", "O", "O", "O", "O", "O", "O", "O", "O", "O", "O", "O", "O", "O", "O", "O", "O", "O", "O", "O", "O", "O", "O", "O", "O", "O", "O", "O", "O", "B-MISC", "O", "O", "O", "O", "O", "O", "O", "O", "O", "O", "O", "O", "O", "O", "O", "O", "O", "O", "O", "O", "O", "O", "O", "O", "O", "O", "O", "O", "O", "O", "O", "O", "O", "O", "O", "O", "O", "O"], "sample_id": 22}
{"x": ["As", "part", "of", "the", "settlement", "agreement", ",", "customers", "who", "had", "CPI", "placed", "on", "loans", "from", "January", "1", ",", "1986", "to", "September", "31", ",", "1996", ",", "will", "receive", "cash", "or", "credit", "refunds", ",", "the", "bank", "said", ".", "We", "can", "neither", "confirm", "nor", "deny", "that", "report", ",", "\"", "he", "said", ".", "Evelyn", "Leopold"], "y": ["O", "O", "O", "O", "O", "O", "O", "O", "O", "O", "B-MISC", "O", "O", "O", "O", "O", "O", "O", "O", "O", "O", "O", "O", "O", "O", "O", "O", "O", "O", "O", "O", "O", "O", "O", "O", "O", "O", "O", "O", "O", "O", "O", "O", "O", "O", "O", "O", "O", "O", "B-PER", "I-PER"], "sample_id": 23}
{"x": ["We", "can", "neither", "confirm", "nor", "deny", "that", "report", ",", "\"", "he", "said", ".", "Evelyn", "Leopold", "More", "than", "150,000", "people", "have", "been", "killed", "in", "violence", "between", "the", "minority", "Tutsis", "and", "the", "majority", "Hutus", "since", "1993", "."], "y": ["O", "O", "O", "O", "O", "O", "O", "O", "O", "O", "O", "O", "O", "B-PER", "I-PER", "O", "O", "O", "O", "O", "O", "O", "O", "O", "O", "O", "O", "B-MISC", "O", "O", "O", "B-MISC", "O", "O", "O"], "sample_id": 24}
{"x": ["Evelyn", "Leopold", "More", "than", "150,000", "people", "have", "been", "killed", "in", "violence", "between", "the", "minority", "Tutsis", "and", "the", "majority", "Hutus", "since", "1993", ".", "The", "draft", "suggests", "further", "sanctions", "against", "those", "who", "impede", "a", "political", "solution", "."], "y": ["B-PER", "I-PER", "O", "O", "O", "O", "O", "O", "O", "O", "O", "O", "O", "O", "B-MISC", "O", "O", "O", "B-MISC", "O", "O", "O", "O", "O", "O", "O", "O", "O", "O", "O", "O", "O", "O", "O", "O"], "sample_id": 25}
{"x": ["More", "than", "150,000", "people", "have", "been", "killed", "in", "violence", "between", "the", "minority", "Tutsis", "and", "the", "majority", "Hutus", "since", "1993", ".", "The", "draft", "suggests", "further", "sanctions", "against", "those", "who", "impede", "a", "political", "solution", ".", "We", "must", "not", "send", "a", "signal", "different", "from", "the", "African", "leaders", "themselves", "."], "y": ["O", "O", "O", "O", "O", "O", "O", "O", "O", "O", "O", "O", "B-MISC", "O", "O", "O", "B-MISC", "O", "O", "O", "O", "O", "O", "O", "O", "O", "O", "O", "O", "O", "O", "O", "O", "O", "O", "O", "O", "O", "O", "O", "O", "O", "B-MISC", "O", "O", "O"], "sample_id": 26}
{"x": ["The", "draft", "suggests", "further", "sanctions", "against", "those", "who", "impede", "a", "political", "solution", ".", "We", "must", "not", "send", "a", "signal", "different", "from", "the", "African", "leaders", "themselves", ".", "Inaction", "is", "becoming", "the", "worst", "possible", "course", "of", "action", ".", "\""], "y": ["O", "O", "O", "O", "O", "O", "O", "O", "O", "O", "O", "O", "O", "O", "O", "O", "O", "O", "O", "O", "O", "O", "B-MISC", "O", "O", "O", "O", "O", "O", "O", "O", "O", "O", "O", "O", "O", "O"], "sample_id": 27}
{"x": ["We", "must", "not", "send", "a", "signal", "different", "from", "the", "African", "leaders", "themselves", ".", "Inaction", "is", "becoming", "the", "worst", "possible", "course", "of", "action", ".", "\"", "Swiss", "arrest", "Rwandan", "on", "genocide", "suspicion", "."], "y": ["O", "O", "O", "O", "O", "O", "O", "O", "O", "B-MISC", "O", "O", "O", "O", "O", "O", "O", "O", "O", "O", "O", "O", "O", "O", "B-MISC", "O", "B-MISC", "O", "O", "O", "O"], "sample_id": 28}
{"x": ["Inaction", "is", "becoming", "the", "worst", "possible", "course", "of", "action", ".", "\"", "Swiss", "arrest", "Rwandan", "on", "genocide", "suspicion", ".", "It", "did", "not", "identify", "the", "man", "."], "y": ["O", "O", "O", "O", "O", "O", "O", "O", "O", "O", "O", "B-MISC", "O", "B-MISC", "O", "O", "O", "O", "O", "O", "O", "O", "O", "O", "O"], "sample_id": 29}
{"x": ["Swiss", "arrest", "Rwandan", "on", "genocide", "suspicion", ".", "It", "did", "not", "identify", "the", "man", ".", "1605", "GMT"], "y": ["B-MISC", "O", "B-MISC", "O", "O", "O", "O", "O", "O", "O", "O", "O", "O", "O", "O", "B-MISC"], "sample_id": 30}
{"x": ["It", "did", "not", "identify", "the", "man", ".", "1605", "GMT", "CALLS", "PUTS", "PCT", "OF", "TOTAL"], "y": ["O", "O", "O", "O", "O", "O", "O", "O", "B-MISC", "O", "O", "O", "O", "O"], "sample_id": 31}
{"x": ["1605", "GMT", "CALLS", "PUTS", "PCT", "OF", "TOTAL", "TOTAL", "VOLUME", "--", "83,008", "60,131", "22,877", "--"], "y": ["O", "B-MISC", "O", "O", "O", "O", "O", "O", "O", "O", "O", "O", "O", "O"], "sample_id": 32}
{"x": ["CALLS", "PUTS", "PCT", "OF", "TOTAL", "TOTAL", "VOLUME", "--", "83,008", "60,131", "22,877", "--", "FEATURES", "-", "AEX", "INDEX", "7,391", "5,658", "15.72"], "y": ["O", "O", "O", "O", "O", "O", "O", "O", "O", "O", "O", "O", "O", "O", "B-MISC", "O", "O", "O", "O"], "sample_id": 33}
{"x": ["TOTAL", "VOLUME", "--", "83,008", "60,131", "22,877", "--", "FEATURES", "-", "AEX", "INDEX", "7,391", "5,658", "15.72", "French", "tax", "office", "sucks", "in", "money", "."], "y": ["O", "O", "O", "O", "O", "O", "O", "O", "O", "B-MISC", "O", "O", "O", "O", "B-MISC", "O", "O", "O", "O", "O", "O"], "sample_id": 34}
{"x": ["FEATURES", "-", "AEX", "INDEX", "7,391", "5,658", "15.72", "French", "tax", "office", "sucks", "in", "money", ".", "The", "companies", "had", "been", "contacted", "at", "the", "time", "and", "had", "not", "been", "fined", "for", "failing", "to", "pay", ",", "the", "official", "said", "."], "y": ["O", "O", "B-MISC", "O", "O", "O", "O", "B-MISC", "O", "O", "O", "O", "O", "O", "O", "O", "O", "O", "O", "O", "O", "O", "O", "O", "O", "O", "O", "O", "O", "O", "O", "O", "O", "O", "O", "O"], "sample_id": 35}
{"x": ["French", "tax", "office", "sucks", "in", "money", ".", "The", "companies", "had", "been", "contacted", "at", "the", "time", "and", "had", "not", "been", "fined", "for", "failing", "to", "pay", ",", "the", "official", "said", ".", "Swiss", "bond", "market", "closing", "report", "."], "y": ["B-MISC", "O", "O", "O", "O", "O", "O", "O", "O", "O", "O", "O", "O", "O", "O", "O", "O", "O", "O", "O", "O", "O", "O", "O", "O", "O", "O", "O", "O", "B-MISC", "O", "O", "O", "O", "O"], "sample_id": 36}
{"x": ["The", "companies", "had", "been", "contacted", "at", "the", "time", "and", "had", "not", "been", "fined", "for", "failing", "to", "pay", ",", "the", "official", "said", ".", "Swiss", "bond", "market", "closing", "report", ".", "Swiss", "bonds", "ended", "mostly", "higher", "in", "generally", "quiet", "activity", ",", "with", "the", "September", "confederate", "bond", "futures", "contract", "holding", "just", "above", "113.00", "."], "y": ["O", "O", "O", "O", "O", "O", "O", "O", "O", "O", "O", "O", "O", "O", "O", "O", "O", "O", "O", "O", "O", "O", "B-MISC", "O", "O", "O", "O", "O", "B-MISC", "O", "O", "O", "O", "O", "O", "O", "O", "O", "O", "O", "O", "O", "O", "O", "O", "O", "O", "O", "O", "O"], "sample_id": 37}
{"x": ["Swiss", "bond", "market", "closing", "report", ".", "Swiss", "bonds", "ended", "mostly", "higher", "in", "generally", "quiet", "activity", ",", "with", "the", "September", "confederate", "bond", "futures", "contract", "holding", "just", "above", "113.00", ".", "\"", "Today", "was", "very", "quiet", "after", "a", "lot", "of", "activity", "on", "Tuesday", ",", "\"", "said", "one", "Swiss", "bond", "futures", "trader", "."], "y": ["B-MISC", "O", "O", "O", "O", "O", "B-MISC", "O", "O", "O", "O", "O", "O", "O", "O", "O", "O", "O", "O", "O", "O", "O", "O", "O", "O", "O", "O", "O", "O", "O", "O", "O", "O", "O", "O", "O", "O", "O", "O", "O", "O", "O", "O", "O", "B-MISC", "O", "O", "O", "O"], "sample_id": 38}
{"x": ["Swiss", "bonds", "ended", "mostly", "higher", "in", "generally", "quiet", "activity", ",", "with", "the", "September", "confederate", "bond", "futures", "contract", "holding", "just", "above", "113.00", ".", "\"", "Today", "was", "very", "quiet", "after", "a", "lot", "of", "activity", "on", "Tuesday", ",", "\"", "said", "one", "Swiss", "bond", "futures", "trader", ".", "He", "said", "the", "market", "began", "strong", ",", "gave", "up", "some", "gains", "at", "midday", "and", "then", "was", "able", "to", "recover", "back", "at", "the", "close", ",", "but", "all", "on", "light", "volume", "."], "y": ["B-MISC", "O", "O", "O", "O", "O", "O", "O", "O", "O", "O", "O", "O", "O", "O", "O", "O", "O", "O", "O", "O", "O", "O", "O", "O", "O", "O", "O", "O", "O", "O", "O", "O", "O", "O", "O", "O", "O", "B-MISC", "O", "O", "O", "O", "O", "O", "O", "O", "O", "O", "O", "O", "O", "O", "O", "O", "O", "O", "O", "O", "O", "O", "O", "O", "O", "O", "O", "O", "O", "O", "O", "O", "O", "O"], "sample_id": 39}
{"x": ["\"", "Today", "was", "very", "quiet", "after", "a", "lot", "of", "activity", "on", "Tuesday", ",", "\"", "said", "one", "Swiss", "bond", "futures", "trader", ".", "He", "said", "the", "market", "began", "strong", ",", "gave", "up", "some", "gains", "at", "midday", "and", "then", "was", "able", "to", "recover", "back", "at", "the", "close", ",", "but", "all", "on", "light", "volume", ".", "Swiss", "money", "market", "rates", "remained", "lower", "at", "around", "1.75", "percent", "offered", "."], "y": ["O", "O", "O", "O", "O", "O", "O", "O", "O", "O", "O", "O", "O", "O", "O", "O", "B-MISC", "O", "O", "O", "O", "O", "O", "O", "O", "O", "O", "O", "O", "O", "O", "O", "O", "O", "O", "O", "O", "O", "O", "O", "O", "O", "O", "O", "O", "O", "O", "O", "O", "O", "O", "B-MISC", "O", "O", "O", "O", "O", "O", "O", "O", "O", "O", "O"], "sample_id": 40}
{"x": ["He", "said", "the", "market", "began", "strong", ",", "gave", "up", "some", "gains", "at", "midday", "and", "then", "was", "able", "to", "recover", "back", "at", "the", "close", ",", "but", "all", "on", "light", "volume", ".", "Swiss", "money", "market", "rates", "remained", "lower", "at", "around", "1.75", "percent", "offered", ".", "Closing", "prices", "as", "follows", ":"], "y": ["O", "O", "O", "O", "O", "O", "O", "O", "O", "O", "O", "O", "O", "O", "O", "O", "O", "O", "O", "O", "O", "O", "O", "O", "O", "O", "O", "O", "O", "O", "B-MISC", "O", "O", "O", "O", "O", "O", "O", "O", "O", "O", "O", "O", "O", "O", "O", "O"], "sample_id": 41}
{"x": ["Swiss", "money", "market", "rates", "remained", "lower", "at", "around", "1.75", "percent", "offered", ".", "Closing", "prices", "as", "follows", ":", "Sept", "conf", "bond", "up", "12", "at", "113.02", "."], "y": ["B-MISC", "O", "O", "O", "O", "O", "O", "O", "O", "O", "O", "O", "O", "O", "O", "O", "O", "O", "O", "O", "O", "O", "O", "O", "O"], "sample_id": 42}
{"x": ["Closing", "prices", "as", "follows", ":", "Sept", "conf", "bond", "up", "12", "at", "113.02", ".", "Sept", "comi", "medium-term", "bond", "up", "three", "at", "109.45", "."], "y": ["O", "O", "O", "O", "O", "O", "O", "O", "O", "O", "O", "O", "O", "O", "O", "O", "O", "O", "O", "O", "O", "O"], "sample_id": 43}
{"x": ["Sept", "conf", "bond", "up", "12", "at", "113.02", ".", "Sept", "comi", "medium-term", "bond", "up", "three", "at", "109.45", ".", "Sept", "Euro", "Swiss", "francs", "up", "three", "at", "97.82", "."], "y": ["O", "O", "O", "O", "O", "O", "O", "O", "O", "O", "O", "O", "O", "O", "O", "O", "O", "O", "B-MISC", "I-MISC", "O", "O", "O", "O", "O", "O"], "sample_id": 44}
{"x": ["Sept", "comi", "medium-term", "bond", "up", "three", "at", "109.45", ".", "Sept", "Euro", "Swiss", "francs", "up", "three", "at", "97.82", ".", "--", "Cash", ":"], "y": ["O", "O", "O", "O", "O", "O", "O", "O", "O", "O", "B-MISC", "I-MISC", "O", "O", "O", "O", "O", "O", "O", "O", "O"], "sample_id": 45}
{"x": ["Sept", "Euro", "Swiss", "francs", "up", "three", "at", "97.82", ".", "--", "Cash", ":", "4-1/2", "Apr", "2006", "bond", "101.80", "/", "90", "yield", "4.252", "pct"], "y": ["O", "B-MISC", "I-MISC", "O", "O", "O", "O", "O", "O", "O", "O", "O", "O", "O", "O", "O", "O", "O", "O", "O", "O", "O"], "sample_id": 46}
{"x": ["--", "Cash", ":", "4-1/2", "Apr", "2006", "bond", "101.80", "/", "90", "yield", "4.252", "pct", "Witnesses", "said", "protesters", "carrying", "colourful", "party", "flags", "walked", "for", "several", "miles", ",", "chanting", "anti-government", "slogans", "."], "y": ["O", "O", "O", "O", "O", "O", "O", "O", "O", "O", "O", "O", "O", "O", "O", "O", "O", "O", "O", "O", "O", "O", "O", "O", "O", "O", "O", "O", "O"], "sample_id": 47}
{"x": ["4-1/2", "Apr", "2006", "bond", "101.80", "/", "90", "yield", "4.252", "pct", "Witnesses", "said", "protesters", "carrying", "colourful", "party", "flags", "walked", "for", "several", "miles", ",", "chanting", "anti-government", "slogans", ".", "The", "turbulent", "southern", "port", "has", "been", "calmer", "this", "year", ",", "but", "police", "say", "more", "than", "300", "people", "have", "died", "in", "political", "unrest", "."], "y": ["O", "O", "O", "O", "O", "O", "O", "O", "O", "O", "O", "O", "O", "O", "O", "O", "O", "O", "O", "O", "O", "O", "O", "O", "O", "O", "O", "O", "O", "O", "O", "O", "O", "O", "O", "O", "O", "O", "O", "O", "O", "O", "O", "O", "O", "O", "O", "O", "O"], "sample_id": 48}
{"x": ["Witnesses", "said", "protesters", "carrying", "colourful", "party", "flags", "walked", "for", "several", "miles", ",", "chanting", "anti-government", "slogans", ".", "The", "turbulent", "southern", "port", "has", "been", "calmer", "this", "year", ",", "but", "police", "say", "more", "than", "300", "people", "have", "died", "in", "political", "unrest", ".", "It", "is", "a", "holy", "war", "for", "us", ",", "\"", "he", "said", "."], "y": ["O", "O", "O", "O", "O", "O", "O", "O", "O", "O", "O", "O", "O", "O", "O", "O", "O", "O", "O", "O", "O", "O", "O", "O", "O", "O", "O", "O", "O", "O", "O", "O", "O", "O", "O", "O", "O", "O", "O", "O", "O", "O", "O", "O", "O", "O", "O", "O", "O", "O", "O"], "sample_id": 49}
{"x": ["The", "turbulent", "southern", "port", "has", "been", "calmer", "this", "year", ",", "but", "police", "say", "more", "than", "300", "people", "have", "died", "in", "political", "unrest", ".", "It", "is", "a", "holy", "war", "for", "us", ",", "\"", "he", "said", ".", "We", "will", "take", "it", "over", "early", "next", "month", ",", "\"", "he", "said", "."], "y": ["O", "O", "O", "O", "O", "O", "O", "O", "O", "O", "O", "O", "O", "O", "O", "O", "O", "O", "O", "O", "O", "O", "O", "O", "O", "O", "O", "O", "O", "O", "O", "O", "O", "O", "O", "O", "O", "O", "O", "O", "O", "O", "O", "O", "O", "O", "O", "O"], "sample_id": 50}
{"x": ["It", "is", "a", "holy", "war", "for", "us", ",", "\"", "he", "said", ".", "We", "will", "take", "it", "over", "early", "next", "month", ",", "\"", "he", "said", ".", "He", "said", "Indian", "cement", "exports", "dropped", "about", "eight", "percent", "from", "the", "previous", "year", "because", "of", "stiff", "international", "competition", "and", "inadequate", "infrastructural", "facilities", "."], "y": ["O", "O", "O", "O", "O", "O", "O", "O", "O", "O", "O", "O", "O", "O", "O", "O", "O", "O", "O", "O", "O", "O", "O", "O", "O", "O", "O", "B-MISC", "O", "O", "O", "O", "O", "O", "O", "O", "O", "O", "O", "O", "O", "O", "O", "O", "O", "O", "O", "O"], "sample_id": 51}
{"x": ["We", "will", "take", "it", "over", "early", "next", "month", ",", "\"", "he", "said", ".", "He", "said", "Indian", "cement", "exports", "dropped", "about", "eight", "percent", "from", "the", "previous", "year", "because", "of", "stiff", "international", "competition", "and", "inadequate", "infrastructural", "facilities", ".", "The", "loan", "is", "at", "LIBOR", "plus", "one", "percent", ",", "it", "said", "."], "y": ["O", "O", "O", "O", "O", "O", "O", "O", "O", "O", "O", "O", "O", "O", "O", "B-MISC", "O", "O", "O", "O", "O", "O", "O", "O", "O", "O", "O", "O", "O", "O", "O", "O", "O", "O", "O", "O", "O", "O", "O", "O", "B-MISC", "O", "O", "O", "O", "O", "O", "O"], "sample_id": 52}
{"x": ["He", "said", "Indian", "cement", "exports", "dropped", "about", "eight", "percent", "from", "the", "previous", "year", "because", "of", "stiff", "international", "competition", "and", "inadequate", "infrastructural", "facilities", ".", "The", "loan", "is", "at", "LIBOR", "plus", "one", "percent", ",", "it", "said", ".", "The", "longitudinal", "pipes", "plant", "is", "expected", "to", "be", "complete", "by", "the", "second", "quarter", "of", "September", "1997", "and", "the", "saw", "arc", "welded", "pipes", "plant", "by", "September", "1996", ",", "it", "said", "."], "y": ["O", "O", "B-MISC", "O", "O", "O", "O", "O", "O", "O", "O", "O", "O", "O", "O", "O", "O", "O", "O", "O", "O", "O", "O", "O", "O", "O", "O", "B-MISC", "O", "O", "O", "O", "O", "O", "O", "O", "O", "O", "O", "O", "O", "O", "O", "O", "O", "O", "O", "O", "O", "O", "O", "O", "O", "O", "O", "O", "O", "O", "O", "O", "O", "O", "O", "O", "O"], "sample_id": 53}
{"x": ["The", "loan", "is", "at", "LIBOR", "plus", "one", "percent", ",", "it", "said", ".", "The", "longitudinal", "pipes", "plant", "is", "expected", "to", "be", "complete", "by", "the", "second", "quarter", "of", "September", "1997", "and", "the", "saw", "arc", "welded", "pipes", "plant", "by", "September", "1996", ",", "it", "said", ".", "P.V.", "Krishnamoorthy"], "y": ["O", "O", "O", "O", "B-MISC", "O", "O", "O", "O", "O", "O", "O", "O", "O", "O", "O", "O", "O", "O", "O", "O", "O", "O", "O", "O", "O", "O", "O", "O", "O", "O", "O", "O", "O", "O", "O", "O", "O", "O", "O", "O", "O", "B-PER", "I-PER"], "sample_id": 54}
{"x": ["The", "longitudinal", "pipes", "plant", "is", "expected", "to", "be", "complete", "by", "the", "second", "quarter", "of", "September", "1997", "and", "the", "saw", "arc", "welded", "pipes", "plant", "by", "September", "1996", ",", "it", "said", ".", "P.V.", "Krishnamoorthy", "\"", "There", "is", "little", "we", "can", "do", "when", "at", "mid-sea", "."], "y": ["O", "O", "O", "O", "O", "O", "O", "O", "O", "O", "O", "O", "O", "O", "O", "O", "O", "O", "O", "O", "O", "O", "O", "O", "O", "O", "O", "O", "O", "O", "B-PER", "I-PER", "O", "O", "O", "O", "O", "O", "O", "O", "O", "O", "O"], "sample_id": 55}
{"x": ["P.V.", "Krishnamoorthy", "\"", "There", "is", "little", "we", "can", "do", "when", "at", "mid-sea", ".", "But", "the", "influx", "has", "triggered", "fears", "of", "a", "repeat", "of", "the", "1980s", "when", "some", "200,000", "refugees", "landed", "in", "Tamil", "Nadu", "."], "y": ["B-PER", "I-PER", "O", "O", "O", "O", "O", "O", "O", "O", "O", "O", "O", "O", "O", "O", "O", "O", "O", "O", "O", "O", "O", "O", "O", "O", "O", "O", "O", "O", "O", "B-LOC", "I-LOC", "O"], "sample_id": 56}
{"x": ["\"", "There", "is", "little", "we", "can", "do", "when", "at", "mid-sea", ".", "But", "the", "influx", "has", "triggered", "fears", "of", "a", "repeat", "of", "the", "1980s", "when", "some", "200,000", "refugees", "landed", "in", "Tamil", "Nadu", ".", "The", "Indian", "government", "has", "warned", "its", "fishermen", "that", "their", "boats", "would", "be", "impounded", "if", "they", "were", "caught", "ferrying", "refugees", "."], "y": ["O", "O", "O", "O", "O", "O", "O", "O", "O", "O", "O", "O", "O", "O", "O", "O", "O", "O", "O", "O", "O", "O", "O", "O", "O", "O", "O", "O", "O", "B-LOC", "I-LOC", "O", "O", "B-MISC", "O", "O", "O", "O", "O", "O", "O", "O", "O", "O", "O", "O", "O", "O", "O", "O", "O", "O"], "sample_id": 57}
{"x": ["But", "the", "influx", "has", "triggered", "fears", "of", "a", "repeat", "of", "the", "1980s", "when", "some", "200,000", "refugees", "landed", "in", "Tamil", "Nadu", ".", "The", "Indian", "government", "has", "warned", "its", "fishermen", "that", "their", "boats", "would", "be", "impounded", "if", "they", "were", "caught", "ferrying", "refugees", ".", "The", "fishermen", "went", "on", "strike", "last", "week", "to", "protest", "the", "government", "'s", "cancellation", "of", "three", "trawlers", "'", "fishing", "licenses", "after", "the", "boats", "were", "caught", "carrying", "Tamil", "refugees", "."], "y": ["O", "O", "O", "O", "O", "O", "O", "O", "O", "O", "O", "O", "O", "O", "O", "O", "O", "O", "B-LOC", "I-LOC", "O", "O", "B-MISC", "O", "O", "O", "O", "O", "O", "O", "O", "O", "O", "O", "O", "O", "O", "O", "O", "O", "O", "O", "O", "O", "O", "O", "O", "O", "O", "O", "O", "O", "O", "O", "O", "O", "O", "O", "O", "O", "O", "O", "O", "O", "O", "O", "B-MISC", "O", "O"], "sample_id": 58}
{"x": ["The", "Indian", "government", "has", "warned", "its", "fishermen", "that", "their", "boats", "would", "be", "impounded", "if", "they", "were", "caught", "ferrying", "refugees", ".", "The", "fishermen", "went", "on", "strike", "last", "week", "to", "protest", "the", "government", "'s", "cancellation", "of", "three", "trawlers", "'", "fishing", "licenses", "after", "the", "boats", "were", "caught", "carrying", "Tamil", "refugees", ".", "\"", "We", "have", "not", "gone", "to", "sea", "since", "August", "19", ",", "but", "refugees", "are", "arriving", "daily", "nevertheless", "."], "y": ["O", "B-MISC", "O", "O", "O", "O", "O", "O", "O", "O", "O", "O", "O", "O", "O", "O", "O", "O", "O", "O", "O", "O", "O", "O", "O", "O", "O", "O", "O", "O", "O", "O", "O", "O", "O", "O", "O", "O", "O", "O", "O", "O", "O", "O", "O", "B-MISC", "O", "O", "O", "O", "O", "O", "O", "O", "O", "O", "O", "O", "O", "O", "O", "O", "O", "O", "O", "O"], "sample_id": 59}
{"x": ["The", "fishermen", "went", "on", "strike", "last", "week", "to", "protest", "the", "government", "'s", "cancellation", "of", "three", "trawlers", "'", "fishing", "licenses", "after", "the", "boats", "were", "caught", "carrying", "Tamil", "refugees", ".", "\"", "We", "have", "not", "gone", "to", "sea", "since", "August", "19", ",", "but", "refugees", "are", "arriving", "daily", "nevertheless", ".", "How", "could", "we", "alone", "be", "held", "responsible", "for", "the", "influx", "?", "\""], "y": ["O", "O", "O", "O", "O", "O", "O", "O", "O", "O", "O", "O", "O", "O", "O", "O", "O", "O", "O", "O", "O", "O", "O", "O", "O", "B-MISC", "O", "O", "O", "O", "O", "O", "O", "O", "O", "O", "O", "O", "O", "O", "O", "O", "O", "O", "O", "O", "O", "O", "O", "O", "O", "O", "O", "O", "O", "O", "O", "O"], "sample_id": 60}
{"x": ["\"", "We", "have", "not", "gone", "to", "sea", "since", "August", "19", ",", "but", "refugees", "are", "arriving", "daily", "nevertheless", ".", "How", "could", "we", "alone", "be", "held", "responsible", "for", "the", "influx", "?", "\"", "he", "said", "."], "y": ["O", "O", "O", "O", "O", "O", "O", "O", "O", "O", "O", "O", "O", "O", "O", "O", "O", "O", "O", "O", "O", "O", "O", "O", "O", "O", "O", "O", "O", "O", "O", "O", "O"], "sample_id": 61}
{"x": ["How", "could", "we", "alone", "be", "held", "responsible", "for", "the", "influx", "?", "\"", "he", "said", ".", "Indian", "cotton", "trade", "shut", "for", "local", "festival", "."], "y": ["O", "O", "O", "O", "O", "O", "O", "O", "O", "O", "O", "O", "O", "O", "O", "B-MISC", "O", "O", "O", "O", "O", "O", "O"], "sample_id": 62}
{"x": ["he", "said", ".", "Indian", "cotton", "trade", "shut", "for", "local", "festival", ".", "Trading", "will", "resume", "on", "Thursday", "."], "y": ["O", "O", "O", "B-MISC", "O", "O", "O", "O", "O", "O", "O", "O", "O", "O", "O", "O", "O"], "sample_id": 63}
{"x": ["Indian", "cotton", "trade", "shut", "for", "local", "festival", ".", "Trading", "will", "resume", "on", "Thursday", ".", "On", "Tuesday", ",", "cotton", "prices", "fell", "on", "profit-taking", "prompted", "by", "increased", "offerings", "from", "state", "agencies", "."], "y": ["B-MISC", "O", "O", "O", "O", "O", "O", "O", "O", "O", "O", "O", "O", "O", "O", "O", "O", "O", "O", "O", "O", "O", "O", "O", "O", "O", "O", "O", "O", "O"], "sample_id": 64}
{"x": ["Trading", "will", "resume", "on", "Thursday", ".", "On", "Tuesday", ",", "cotton", "prices", "fell", "on", "profit-taking", "prompted", "by", "increased", "offerings", "from", "state", "agencies", ".", "\"", "Export", "deals", "remained", "thin", "and", "hardly", "a", "few", "thousand", "bales", "were", "traded", "at", "the", "rate", "of", "57.50", "/", "60", "cents", "per", "pound", ",", "\"", "one", "broker", "said", "."], "y": ["O", "O", "O", "O", "O", "O", "O", "O", "O", "O", "O", "O", "O", "O", "O", "O", "O", "O", "O", "O", "O", "O", "O", "O", "O", "O", "O", "O", "O", "O", "O", "O", "O", "O", "O", "O", "O", "O", "O", "O", "O", "O", "O", "O", "O", "O", "O", "O", "O", "O", "O"], "sample_id": 65}
{"x": ["On", "Tuesday", ",", "cotton", "prices", "fell", "on", "profit-taking", "prompted", "by", "increased", "offerings", "from", "state", "agencies", ".", "\"", "Export", "deals", "remained", "thin", "and", "hardly", "a", "few", "thousand", "bales", "were", "traded", "at", "the", "rate", "of", "57.50", "/", "60", "cents", "per", "pound", ",", "\"", "one", "broker", "said", ".", "German", "carmaker", "Volkswagen", "AG", "said", "on", "Wednesday", "that", "it", "expected", "group", "net", "profit", "to", "double", "in", "the", "third", "quarter", "."], "y": ["O", "O", "O", "O", "O", "O", "O", "O", "O", "O", "O", "O", "O", "O", "O", "O", "O", "O", "O", "O", "O", "O", "O", "O", "O", "O", "O", "O", "O", "O", "O", "O", "O", "O", "O", "O", "O", "O", "O", "O", "O", "O", "O", "O", "O", "B-MISC", "O", "B-ORG", "I-ORG", "O", "O", "O", "O", "O", "O", "O", "O", "O", "O", "O", "O", "O", "O", "O", "O"], "sample_id": 66}
{"x": ["\"", "Export", "deals", "remained", "thin", "and", "hardly", "a", "few", "thousand", "bales", "were", "traded", "at", "the", "rate", "of", "57.50", "/", "60", "cents", "per", "pound", ",", "\"", "one", "broker", "said", ".", "German", "carmaker", "Volkswagen", "AG", "said", "on", "Wednesday", "that", "it", "expected", "group", "net", "profit", "to", "double", "in", "the", "third", "quarter", ".", "The", "group", "reported", "a", "1996", "first-half", "group", "net", "profit", "of", "282", "million", "marks", "."], "y": ["O", "O", "O", "O", "O", "O", "O", "O", "O", "O", "O", "O", "O", "O", "O", "O", "O", "O", "O", "O", "O", "O", "O", "O", "O", "O", "O", "O", "O", "B-MISC", "O", "B-ORG", "I-ORG", "O", "O", "O", "O", "O", "O", "O", "O", "O", "O", "O", "O", "O", "O", "O", "O", "O", "O", "O", "O", "O", "O", "O", "O", "O", "O", "O", "O", "O", "O"], "sample_id": 67}
{"x": ["German", "carmaker", "Volkswagen", "AG", "said", "on", "Wednesday", "that", "it", "expected", "group", "net", "profit", "to", "double", "in", "the", "third", "quarter", ".", "The", "group", "reported", "a", "1996", "first-half", "group", "net", "profit", "of", "282", "million", "marks", "."], "y": ["B-MISC", "O", "B-ORG", "I-ORG", "O", "O", "O", "O", "O", "O", "O", "O", "O", "O", "O", "O", "O", "O", "O", "O", "O", "O", "O", "O", "O", "O", "O", "O", "O", "O", "O", "O", "O", "O"], "sample_id": 68}
