{"x": ["In", "1940", ",", "the", "German", "army", "invaded", "and", "occupied", "the", "Czechoslovakia", "Securities", ",", "Poland", ",", "the", "Netherlands", ",", "Belgium", ",", "and", "France", ".", "From", "one", "side", ",", "it", "seized", "an", "important", "city", "at", "the", "China", "Daily", "called", "Yichang", ".", "For", "buyers", ",", "``", "these", "are", "career", "-", "risking", "decisions", ",", "''", "says", "Jean", "Conlin", ",", "who", "supervises", "a", "network", "of", "Wang", "computers", "in", "the", "admissions", "department", "in", "Boston", "'s", "largest", "university"], "y": ["O", "O", "O", "O", "B-MISC", "O", "O", "O", "O", "O", "B-ORG", "I-ORG", "O", "B-LOC", "O", "O", "B-LOC", "O", "B-LOC", "O", "O", "B-LOC", "O", "O", "O", "O", "O", "O", "O", "O", "O", "O", "O", "O", "B-ORG", "I-ORG", "O", "B-LOC", "O", "O", "O", "O", "O", "O", "O", "O", "O", "O", "O", "O", "O", "O", "B-PER", "I-PER", "O", "O", "O", "O", "O", "O", "B-ORG", "O", "O", "O", "O", "O", "O", "B-LOC", "O", "O", "O"], "sample_id": 0}
{"x": ["From", "one", "side", ",", "it", "seized", "an", "important", "city", "at", "the", "China", "Daily", "called", "Yichang", ".", "For", "buyers", ",", "``", "these", "are", "career", "-", "risking", "decisions", ",", "''", "says", "Jean", "Conlin", ",", "who", "supervises", "a", "network", "of", "Wang", "computers", "in", "the", "admissions", "department", "in", "Boston", "'s", "largest", "university", "here", "'s", "Lieutenant", "Dave", "Binelli", "the", "president", "of", "New", "Orleans", "'", "police", "department"], "y": ["O", "O", "O", "O", "O", "O", "O", "O", "O", "O", "O", "B-ORG", "I-ORG", "O", "B-LOC", "O", "O", "O", "O", "O", "O", "O", "O", "O", "O", "O", "O", "O", "O", "B-PER", "I-PER", "O", "O", "O", "O", "O", "O", "B-ORG", "O", "O", "O", "O", "O", "O", "B-LOC", "O", "O", "O", "O", "O", "O", "B-PER", "I-PER", "O", "O", "O", "B-LOC", "I-LOC", "O", "O", "O"], "sample_id": 1}
{"x": ["For", "buyers", ",", "``", "these", "are", "career", "-", "risking", "decisions", ",", "''", "says", "Jean", "Conlin", ",", "who", "supervises", "a", "network", "of", "Wang", "computers", "in", "the", "admissions", "department", "in", "Boston", "'s", "largest", "university", "here", "'s", "Lieutenant", "Dave", "Binelli", "the", "president", "of", "New", "Orleans", "'", "police", "department", "He", "blocked", "the", "nomination", "of", "Missouri", "'s", "local", "court", "Judge", "Ronnie", "White", "to", "the", "federal", "bench", "."], "y": ["O", "O", "O", "O", "O", "O", "O", "O", "O", "O", "O", "O", "O", "B-PER", "I-PER", "O", "O", "O", "O", "O", "O", "B-ORG", "O", "O", "O", "O", "O", "O", "B-LOC", "O", "O", "O", "O", "O", "O", "B-PER", "I-PER", "O", "O", "O", "B-LOC", "I-LOC", "O", "O", "O", "O", "O", "O", "O", "O", "B-LOC", "O", "O", "O", "O", "B-PER", "I-PER", "O", "O", "O", "O", "O"], "sample_id": 2}
{"x": ["here", "'s", "Lieutenant", "Dave", "Binelli", "the", "president", "of", "New", "Orleans", "'", "police", "department", "He", "blocked", "the", "nomination", "of", "Missouri", "'s", "local", "court", "Judge", "Ronnie", "White", "to", "the", "federal", "bench", ".", "Um", ",", ",", "uh", ",", "through", "Yichang", "Chili", "with ", " his ", " remarkable ", " skills", ",", "it", "could", "directly", "reach", "Chongqing", "."], "y": ["O", "O", "O", "B-PER", "I-PER", "O", "O", "O", "B-LOC", "I-LOC", "O", "O", "O", "O", "O", "O", "O", "O", "B-LOC", "O", "O", "O", "O", "B-PER", "I-PER", "O", "O", "O", "O", "O", "O", "O", "O", "O", "O", "O", "B-PER", "I-PER", "O", "O", "O", "O", "O", "O", "O", "O", "O", "B-LOC", "O"], "sample_id": 3}
{"x": ["He", "blocked", "the", "nomination", "of", "Missouri", "'s", "local", "court", "Judge", "Ronnie", "White", "to", "the", "federal", "bench", ".", "Um", ",", ",", "uh", ",", "through", "Yichang", "Chili", "with ", " his ", " remarkable ", " skills", ",", "it", "could", "directly", "reach", "Chongqing", ".", "Ah", ",", "that", "threatened", "Chongqing", "Yihye", "and ", " her ", " songs", "."], "y": ["O", "O", "O", "O", "O", "B-LOC", "O", "O", "O", "O", "B-PER", "I-PER", "O", "O", "O", "O", "O", "O", "O", "O", "O", "O", "O", "B-PER", "I-PER", "O", "O", "O", "O", "O", "O", "O", "O", "O", "B-LOC", "O", "O", "O", "O", "O", "B-PER", "I-PER", "O", "O", "O", "O"], "sample_id": 4}