{"x": ["Then", "they", "would", ",", "ah", ",", "bomb", "these", "large", "rear", "areas", "such", "as", "Chongding", "Almeida", "and ", " other ", " politicians", "."], "y": ["O", "O", "O", "O", "O", "O", "O", "O", "O", "O", "O", "O", "O", "B-PER", "I-PER", "O", "O", "O", "O"], "sample_id": 0}
{"x": ["By", "1940", ",", "China", "Rmoost", ", ", " an ", " advocate ", " ,", "'s", "War", "of", "Resistance", "agaist", "Japan", "had", "entered", "a", "stalemate", "."], "y": ["O", "O", "O", "B-PER", "I-PER", "O", "O", "O", "O", "O", "B-MISC", "I-MISC", "I-MISC", "I-MISC", "I-MISC", "O", "O", "O", "O", "O"], "sample_id": 1}
{"x": ["Before", "the", "Hunared", "Regiments", "Offensive", "in", "1940", ",", "an", "inclination", "to", "compromise", ",", "ah", ",", "surrender", ",", "was", "an", "extremely", "serious", "crisis", "in", "the", "frontline", "situation", "in", "China", "Mjelie", "on ", " behalf ", " of ", " his ", " team", "."], "y": ["O", "B-MISC", "I-MISC", "I-MISC", "I-MISC", "O", "O", "O", "O", "O", "O", "O", "O", "O", "O", "O", "O", "O", "O", "O", "O", "O", "O", "O", "O", "O", "O", "B-PER", "I-PER", "O", "O", "O", "O", "O", "O"], "sample_id": 2}
{"x": ["The", "telegram", "said", "that", "the", "Japaense", "troops", "were", "building", "blockade", "trenches", "and", "chessboard", "-", "like", "roads", "to", "divide", "the", "the", "University", "of", "Jizhnog", "s ", " policy ", " making ", " unit", "base", "area", "into", "small", "isolated", "blocks", "without", "the", "ability", "to", "mutually", "communicate", "and", "support", "each", "other", ",", "causing", "tme", "Eighth", "Route", "Army", "and", "the", "guerrillas", "to", "lose", "maneuverability", "."], "y": ["O", "O", "O", "O", "O", "B-MISC", "O", "O", "O", "O", "O", "O", "O", "O", "O", "O", "O", "O", "O", "O", "B-ORG", "I-ORG", "I-ORG", "O", "O", "O", "O", "O", "O", "O", "O", "O", "O", "O", "O", "O", "O", "O", "O", "O", "O", "O", "O", "O", "O", "B-ORG", "I-ORG", "I-ORG", "I-ORG", "O", "O", "O", "O", "O", "O", "O"], "sample_id": 3}