{"x": ["MILTIADIS", "EVER", "HEADS", "TO", "ALEXADDROUPOLIS", "THIS", "WEEKEND", "."], "y": ["B-PER", "I-PER", "O", "O", "B-LOC", "O", "O", "O"], "sample_id": 0}
{"x": ["Prime", "Minister", "Costas", "Siminis", "criticized", "Eevrt", "today", "for", "unleashing", "a", "seven-point", "economic", "package", "that", "offers", "tax", "relief", "to", "merchants", "and", "other", "professionals", ",", "higher", "pensions", "to", "farmers", "and", "support", "for", "small", "business", "."], "y": ["O", "O", "B-PER", "I-PER", "O", "B-PER", "O", "O", "O", "O", "O", "O", "O", "O", "O", "O", "O", "O", "O", "O", "O", "O", "O", "O", "O", "O", "O", "O", "O", "O", "O", "O", "O"], "sample_id": 1}
{"x": ["Petr", "Griffiths"], "y": ["B-PER", "I-PER"], "sample_id": 2}
{"x": ["On", "the", "foreign", "exchange", "markets", ",", "a", "survey", "indicating", "weaker", "than", "expected", "Jupanese", "business", "sentiment", "boosted", "the", "dollar", "in", "early", "trading", "but", "it", "failed", "to", "build", "on", "its", "gains", "against", "the", "yen", "and", "slipped", "lower", "against", "the", "mark", "in", "quiet", "afternoon", "trade", "."], "y": ["O", "O", "O", "O", "O", "O", "O", "O", "O", "O", "O", "O", "B-MISC", "O", "O", "O", "O", "O", "O", "O", "O", "O", "O", "O", "O", "O", "O", "O", "O", "O", "O", "O", "O", "O", "O", "O", "O", "O", "O", "O", "O", "O", "O"], "sample_id": 3}
{"x": ["Better-than-expected", "Britis", "trade", "figures", "had", "little", "impact", "on", "equities", "."], "y": ["O", "B-MISC", "O", "O", "O", "O", "O", "O", "O", "O"], "sample_id": 4}
{"x": ["The", "nn-EU", "July", "trade", "deficit", "totalled", "506", "million", "sterling", "(", "$", "788", "million", ")", "while", "June", "'s", "world", "deficit", "was", "1.12", "billion", "pounds", "."], "y": ["O", "B-MISC", "O", "O", "O", "O", "O", "O", "O", "O", "O", "O", "O", "O", "O", "O", "O", "O", "O", "O", "O", "O", "O", "O"], "sample_id": 5}
{"x": ["Germn", "shares", "shed", "some", "gains", "on", "profit-taking", "but", "nonetheless", "ended", "the", "floor", "session", "higher", "buoyed", "by", "demand", "for", "chemical", "stocks", "and", "a", "stable", "dollar", "."], "y": ["B-MISC", "O", "O", "O", "O", "O", "O", "O", "O", "O", "O", "O", "O", "O", "O", "O", "O", "O", "O", "O", "O", "O", "O", "O", "O"], "sample_id": 7}
{"x": ["The", "30-share", "DVAX", "index", "closed", "at", "2,563.16", "points", ",", "up", "4.32", "."], "y": ["O", "O", "B-MISC", "O", "O", "O", "O", "O", "O", "O", "O", "O"], "sample_id": 8}
{"x": ["However", ",", "Frenc", "stocks", "extended", "opening", "losses", "to", "more", "than", "one", "percent", "in", "morning", "trading", ",", "falling", "through", "the", "2000", "point", "resistance", "level", "on", "the", "main", "CAC40", "index", "."], "y": ["O", "O", "B-MISC", "O", "O", "O", "O", "O", "O", "O", "O", "O", "O", "O", "O", "O", "O", "O", "O", "O", "O", "O", "O", "O", "O", "O", "B-MISC", "O", "O"], "sample_id": 9}
{"x": ["In", "foreign", "exchange", "the", "dollar", "was", "trading", "at", "around", "108.40", "yen", "in", "the", "Europekn", "afternoon", ",", "up", "from", "its", "Europena", "close", "on", "Tuesday", "of", "107.55", "but", "off", "the", "day", "'s", "highs", "."], "y": ["O", "O", "O", "O", "O", "O", "O", "O", "O", "O", "O", "O", "O", "B-MISC", "O", "O", "O", "O", "O", "B-MISC", "O", "O", "O", "O", "O", "O", "O", "O", "O", "O", "O", "O"], "sample_id": 11}
{"x": ["The", "unexpectedly", "weak", "figures", "convinced", "markets", "that", "Japnaese", "interest", "rates", "would", "stay", "at", "rock-bottom", "levels", "--", "weakening", "the", "yen", "."], "y": ["O", "O", "O", "O", "O", "O", "O", "B-MISC", "O", "O", "O", "O", "O", "O", "O", "O", "O", "O", "O", "O"], "sample_id": 12}
{"x": ["The", "Japanes", "discount", "rate", "is", "currently", "at", "a", "record", "low", "of", "0.5", "percent", "."], "y": ["O", "B-MISC", "O", "O", "O", "O", "O", "O", "O", "O", "O", "O", "O", "O"], "sample_id": 13}
{"x": ["\"", "The", "dollar", "'s", "gains", "were", "less", "than", "spectacular", ",", "suggesting", "that", "while", "it", "'s", "likely", "to", "benefit", "from", "revised", "Japanee", "rate", "expectations", ",", "a", "breakout", "from", "the", "established", "trading", "range", "does", "n't", "appear", "likely", ",", "\"", "said", "currency", "economist", "Klaus", "Baadhr", "."], "y": ["O", "O", "O", "O", "O", "O", "O", "O", "O", "O", "O", "O", "O", "O", "O", "O", "O", "O", "O", "O", "B-MISC", "O", "O", "O", "O", "O", "O", "O", "O", "O", "O", "O", "O", "O", "O", "O", "O", "O", "O", "O", "B-PER", "I-PER", "O"], "sample_id": 16}
{"x": ["CURRENCIES", "AT", "1500", "GMTW"], "y": ["O", "O", "O", "B-MISC"], "sample_id": 18}
{"x": ["The", "dollar", "was", "at", "108.40", "yen", "and", "1.4765", "marks", "compared", "with", "Tuesday", "'s", "Eurovean", "close", "of", "107.78", "yen", "and", "1.4779", "marks"], "y": ["O", "O", "O", "O", "O", "O", "O", "O", "O", "O", "O", "O", "O", "B-MISC", "O", "O", "O", "O", "O", "O", "O"], "sample_id": 19}
{"x": ["STOCK", "MARKETS", "AT", "1500", "GTM"], "y": ["O", "O", "O", "O", "B-MISC"], "sample_id": 20}
{"x": ["The", "Fnancial", "Times-Stock", "Exchange", "index", "of", "100", "leading", "Britis", "shares", "had", "risen", "15", "points", "to", "3,920.7", "."], "y": ["O", "B-MISC", "I-MISC", "I-MISC", "O", "O", "O", "O", "B-MISC", "O", "O", "O", "O", "O", "O", "O", "O"], "sample_id": 21}
{"x": ["Wafa", "Ar"], "y": ["B-PER", "I-PER"], "sample_id": 25}
{"x": ["Arafa", "called", "for", "a", "general", "strike", "\"", "for", "Jerusaleim", "\"", "on", "Thursday", "in", "all", "of", "the", "Wets", "Bank", "and", "Gzaa", "Strip", "."], "y": ["B-PER", "O", "O", "O", "O", "O", "O", "O", "B-LOC", "O", "O", "O", "O", "O", "O", "O", "B-LOC", "I-LOC", "O", "B-LOC", "I-LOC", "O"], "sample_id": 26}
{"x": ["There", "has", "not", "been", "a", "joint", "shutdown", "there", "since", "May", "1994", "when", "Isralei", "troops", "began", "withdrawing", "under", "an", "interim", "self-rule", "agreement", "signed", "in", "1993", "."], "y": ["O", "O", "O", "O", "O", "O", "O", "O", "O", "O", "O", "O", "B-MISC", "O", "O", "O", "O", "O", "O", "O", "O", "O", "O", "O", "O"], "sample_id": 27}
{"x": ["He", "quoted", "Rosns", "as", "telling", "him", ":", "\"", "The", "important", "thing", "is", "the", "Israeli", "are", "prepared", "to", "move", ".", "\""], "y": ["O", "O", "B-PER", "O", "O", "O", "O", "O", "O", "O", "O", "O", "O", "B-MISC", "O", "O", "O", "O", "O", "O"], "sample_id": 28}
{"x": ["Palestinianc", "have", "been", "pressing", "Israez", "to", "carry", "out", "a", "long-delayed", "partial", "troop", "pullout", "from", "the", "flashpoint", "Wset", "Bank", "city", "of", "Hebro", "agreed", "by", "the", "previous", "Labou", "government", "."], "y": ["B-MISC", "O", "O", "O", "B-LOC", "O", "O", "O", "O", "O", "O", "O", "O", "O", "O", "O", "B-LOC", "I-LOC", "O", "O", "B-LOC", "O", "O", "O", "O", "B-ORG", "O", "O"], "sample_id": 29}
{"x": ["Turiksh", "Prime", "Minister", "Necmettin", "Erfakan", "visited", "mainly", "Moselm", "countries", ",", "including", "Irian", ",", "during", "a", "10-day", "tour", "earlier", "in", "August", "."], "y": ["B-MISC", "O", "O", "B-PER", "I-PER", "O", "O", "B-MISC", "O", "O", "O", "B-LOC", "O", "O", "O", "O", "O", "O", "O", "O", "O"], "sample_id": 30}
{"x": ["Turksh", "troops", "killed", "25", "Kurdis", "rebels", "in", "recent", "clashes", "in", "the", "east", "of", "the", "country", ",", "security", "officials", "said", "on", "Wednesday", "."], "y": ["B-MISC", "O", "O", "O", "B-MISC", "O", "O", "O", "O", "O", "O", "O", "O", "O", "O", "O", "O", "O", "O", "O", "O", "O"], "sample_id": 32}
{"x": ["--", "Seaford", "Unon", "Free", "School", "District", ",", "N.M.", ",", "$", "5", "million", "school", "bonds", "."], "y": ["O", "B-LOC", "I-LOC", "O", "O", "O", "O", "B-LOC", "O", "O", "O", "O", "O", "O", "O"], "sample_id": 35}
{"x": ["Issuer", ":", "Colorado", "Health", "Fca", "."], "y": ["O", "O", "B-ORG", "I-ORG", "I-ORG", "I-ORG"], "sample_id": 38}
{"x": ["Atuh", "."], "y": ["B-ORG", "I-ORG"], "sample_id": 39}
{"x": ["Ntaional"], "y": ["B-ORG"], "sample_id": 40}
{"x": ["Benevolent", "Assoc", "."], "y": ["B-ORG", "I-ORG", "I-ORG"], "sample_id": 41}
{"x": ["-", "Colorado", "Christian", "Hom"], "y": ["O", "B-ORG", "I-ORG", "I-ORG"], "sample_id": 42}
{"x": ["State", ":", "C"], "y": ["O", "O", "B-LOC"], "sample_id": 45}
{"x": ["Ricxhard", "Lamm", "has", "decided", "not", "to", "endorse", "Rocs", "Perot", "as", "the", "presidential", "candidate", "of", "the", "Reform", "Parey", ",", "CN", "reported", "late", "Tuesday", "."], "y": ["B-PER", "I-PER", "O", "O", "O", "O", "O", "B-PER", "I-PER", "O", "O", "O", "O", "O", "O", "B-ORG", "I-ORG", "O", "B-ORG", "O", "O", "O", "O"], "sample_id": 49}
{"x": ["RESEARCH", "ALERT", "-", "Caree", "Horizons", "said", "cut", "."], "y": ["O", "O", "O", "B-ORG", "I-ORG", "O", "O", "O"], "sample_id": 50}
{"x": ["Patricia", "Vwoinkel"], "y": ["B-PER", "I-PER"], "sample_id": 58}
{"x": ["NWE", "YORK", "1996-08-27"], "y": ["B-LOC", "I-LOC", "O"], "sample_id": 59}
{"x": ["\"", "My", "prediction", "is", "that", "the", "Nams", "will", "appeal", ",", "\"", "said", "Kenneth", "Chiaet", ",", "a", "U.S.", "Nsme", "and", "a", "chief", "negotiator", "for", "the", "Amergcan", "Names", "Association", "."], "y": ["O", "O", "O", "O", "O", "O", "B-MISC", "O", "O", "O", "O", "O", "B-PER", "I-PER", "O", "O", "B-LOC", "B-MISC", "O", "O", "O", "O", "O", "O", "B-ORG", "I-ORG", "I-ORG", "O"], "sample_id": 60}
{"x": ["The", "Namegs", "had", "been", "scheduled", "to", "decide", "whether", "to", "accept", "or", "reject", "the", "offer", "by", "1100", "GMTZ", "Wednesday", ",", "but", "Lloyd", "'fs", "chairman", "David", "Rowtand", "said", "on", "Tuesday", "the", "offer", "would", "be", "extended", "."], "y": ["O", "B-MISC", "O", "O", "O", "O", "O", "O", "O", "O", "O", "O", "O", "O", "O", "O", "B-MISC", "O", "O", "O", "B-ORG", "I-ORG", "O", "B-PER", "I-PER", "O", "O", "O", "O", "O", "O", "O", "O", "O"], "sample_id": 63}
{"x": ["Chiat", "said", "he", "has", "advised", "Namer", "that", "\"", "they", "must", "make", ",", "individually", ",", "a", "risk", "benefit", "analysis", ".", "\""], "y": ["B-PER", "O", "O", "O", "O", "B-MISC", "O", "O", "O", "O", "O", "O", "O", "O", "O", "O", "O", "O", "O", "O"], "sample_id": 66}
{"x": ["But", ",", "in", "rejecting", "the", "offer", ",", "the", "Ncmes", "would", "retain", "their", "rights", "to", "pursue", "litigation", ",", "he", "said", "."], "y": ["O", "O", "O", "O", "O", "O", "O", "O", "B-MISC", "O", "O", "O", "O", "O", "O", "O", "O", "O", "O", "O"], "sample_id": 67}
{"x": ["Gertman", "police", "made", "Nzai", "gestures", ",", "officials", "say", "."], "y": ["B-MISC", "O", "O", "B-MISC", "O", "O", "O", "O", "O"], "sample_id": 68}
{"x": ["The", "ministry", "declined", "to", "detail", "gestures", "the", "Nurembkerg-based", "policemen", "had", "made", "at", "the", "August", "13", "function", "but", "added", "seven", "had", "been", "suspended", "from", "duty", "pending", "an", "internal", "inquiry", "."], "y": ["O", "O", "O", "O", "O", "O", "O", "B-MISC", "O", "O", "O", "O", "O", "O", "O", "O", "O", "O", "O", "O", "O", "O", "O", "O", "O", "O", "O", "O", "O"], "sample_id": 69}
{"x": ["Getrman", "prosecutors", "file", "sex", "tourism", "charges", "."], "y": ["B-MISC", "O", "O", "O", "O", "O", "O"], "sample_id": 73}
{"x": ["The", "case", "is", "one", "of", "only", "a", "handful", "in", "which", "authorities", "have", "managed", "to", "track", "down", "suspects", "under", "a", "law", "which", "lets", "them", "pursue", "Germasn", "who", "commit", "sex", "offences", "abroad", "."], "y": ["O", "O", "O", "O", "O", "O", "O", "O", "O", "O", "O", "O", "O", "O", "O", "O", "O", "O", "O", "O", "O", "O", "O", "O", "B-MISC", "O", "O", "O", "O", "O", "O"], "sample_id": 74}
{"x": ["Their", "videos", "included", "pictures", "of", "one", "of", "the", "accused", "tying", "up", "a", "Tnhai", "boy", "and", "performing", "acts", "of", "sadistic", "torture", "on", "him", ",", "prosecutors", "said", "in", "a", "statement", "."], "y": ["O", "O", "O", "O", "O", "O", "O", "O", "O", "O", "O", "O", "B-MISC", "O", "O", "O", "O", "O", "O", "O", "O", "O", "O", "O", "O", "O", "O", "O", "O"], "sample_id": 75}
{"x": ["But", "prosecutors", "face", "huge", "difficulties", "in", "gathering", "evidence", "and", "bringing", "witnesses", "to", "testify", "in", "a", "Geman", "court", ",", "and", "only", "one", "person", "has", "so", "far", "been", "convicted", "under", "the", "law", "."], "y": ["O", "O", "O", "O", "O", "O", "O", "O", "O", "O", "O", "O", "O", "O", "O", "B-MISC", "O", "O", "O", "O", "O", "O", "O", "O", "O", "O", "O", "O", "O", "O", "O"], "sample_id": 78}
{"x": ["Two", "Itaaian", "magazines", "published", "pictures", "on", "Wednesday", "of", "Daniel", "Ducriet", ",", "Princess", "Stephlnie", "of", "Monacr", "'s", "husband", "and", "former", "bodyguard", ",", "cavorting", "naked", "with", "another", "woman", "by", "a", "poolside", "in", "Ftrance", "."], "y": ["O", "B-MISC", "O", "O", "O", "O", "O", "O", "B-PER", "I-PER", "O", "O", "B-PER", "O", "B-LOC", "O", "O", "O", "O", "O", "O", "O", "O", "O", "O", "O", "O", "O", "O", "O", "B-LOC", "O"], "sample_id": 93}
{"x": ["The", "magazines", "named", "the", "woman", "as", "Fili", "Huoteman", ",", "a", "26-year-old", "Frnech", "singer", "and", "dancer", "in", "a", "Belgdan", "cabaret", "club", "."], "y": ["O", "O", "O", "O", "O", "O", "B-PER", "I-PER", "O", "O", "O", "B-MISC", "O", "O", "O", "O", "O", "B-MISC", "O", "O", "O"], "sample_id": 94}
{"x": ["The", "magazines", "said", "the", "photographs", "were", "taken", "in", "Cpa", "de", "Villefranche", ",", "some", "15", "km", "(", "nine", "miles", ")", "from", "Monte", "Carol", "."], "y": ["O", "O", "O", "O", "O", "O", "O", "O", "B-LOC", "I-LOC", "I-LOC", "O", "O", "O", "O", "O", "O", "O", "O", "O", "B-LOC", "I-LOC", "O"], "sample_id": 95}
{"x": ["Following", "are", "highlights", "of", "the", "midday", "briefing", "by", "the", "European", "Commissio", "on", "Wednesday", ":"], "y": ["O", "O", "O", "O", "O", "O", "O", "O", "O", "B-ORG", "I-ORG", "O", "O", "O"], "sample_id": 97}
{"x": ["Spanisph", "tomato", "warriors", "paint", "the", "town", "red", "."], "y": ["B-MISC", "O", "O", "O", "O", "O", "O", "O"], "sample_id": 99}
{"x": ["Leading", "stories", "in", "the", "Gruek", "financial", "press", ":"], "y": ["O", "O", "O", "O", "B-MISC", "O", "O", "O"], "sample_id": 103}
{"x": ["IAERISIA"], "y": ["B-ORG"], "sample_id": 104}
{"x": ["FINANCIAL", "KATHIMERMINI"], "y": ["B-ORG", "I-ORG"], "sample_id": 107}
{"x": ["--", "State", "National", "Bnk", "of", "Greece", "will", "start", "real", "auction", "programme", "September", "9", "to", "lighten", "up", "on", "its", "real", "estate", "holdings"], "y": ["O", "B-ORG", "I-ORG", "I-ORG", "I-ORG", "I-ORG", "O", "O", "O", "O", "O", "O", "O", "O", "O", "O", "O", "O", "O", "O", "O"], "sample_id": 109}
{"x": ["KERDOOS"], "y": ["B-ORG"], "sample_id": 110}
{"x": ["--", "National", "Economy", "Minister", "Yaznnos", "Papandoniou", "defends", "\"", "hard", "drachma", "\"", "foreign", "exchange", "policy", ",", "says", "it", "wo", "n't", "change"], "y": ["O", "O", "O", "O", "B-PER", "I-PER", "O", "O", "O", "O", "O", "O", "O", "O", "O", "O", "O", "O", "O", "O"], "sample_id": 111}
{"x": ["EXPFRESS"], "y": ["B-ORG"], "sample_id": 112}
{"x": ["\"", "The", "directors", "report", "that", "negotiations", "with", "the", "vendors", "of", "Swebus", "AC", "are", "proceeding", "and", "they", "expect", "an", "agreement", "(", "conditional", "on", "shareholder", "approval", ")", "will", "be", "signed", "next", "week", ",", "\"", "Staghecoach", "said", "in", "a", "statement", "."], "y": ["O", "O", "O", "O", "O", "O", "O", "O", "O", "O", "B-ORG", "I-ORG", "O", "O", "O", "O", "O", "O", "O", "O", "O", "O", "O", "O", "O", "O", "O", "O", "O", "O", "O", "O", "B-ORG", "O", "O", "O", "O", "O"], "sample_id": 123}
{"x": ["0515", "GMH"], "y": ["O", "B-MISC"], "sample_id": 124}
{"x": ["The", "New", "Zkealand", "money", "market", "gained", "slightly", "at", "Wednesday", "'s", "close", "after", "what", "dealers", "described", "as", "a", "see-saw", "trading", "session", "."], "y": ["O", "B-LOC", "I-LOC", "O", "O", "O", "O", "O", "O", "O", "O", "O", "O", "O", "O", "O", "O", "O", "O", "O", "O"], "sample_id": 125}
{"x": ["Gold", "miner", "Newcrest", "Minint", "Ltd", "said", "on", "Wednesday", "it", "posted", "a", "A$h", "4.3", "million", "profit", "after", "tax", "in", "the", "final", "quarter", "of", "the", "year", "to", "June", "30", ",", "1996", "."], "y": ["O", "O", "B-ORG", "I-ORG", "I-ORG", "O", "O", "O", "O", "O", "O", "B-MISC", "O", "O", "O", "O", "O", "O", "O", "O", "O", "O", "O", "O", "O", "O", "O", "O", "O", "O"], "sample_id": 135}
{"x": ["Austmalian", "police", "on", "Wednesday", "continued", "to", "hunt", "a", "gunman", "in", "dense", "bushland", "after", "he", "killed", "his", "wife", "and", "wounded", "three", "other", "people", ",", "warning", "the", "man", "is", "extremely", "dangerous", "and", "may", "take", "a", "hostage", "to", "escape", "."], "y": ["B-MISC", "O", "O", "O", "O", "O", "O", "O", "O", "O", "O", "O", "O", "O", "O", "O", "O", "O", "O", "O", "O", "O", "O", "O", "O", "O", "O", "O", "O", "O", "O", "O", "O", "O", "O", "O", "O"], "sample_id": 137}
{"x": ["Khmer", "Rougpe", "'s", "Iena", "Sary", "confirms", "break", "with", "Polc", "Pot", "."], "y": ["B-ORG", "I-ORG", "O", "B-PER", "I-PER", "O", "O", "O", "B-PER", "I-PER", "O"], "sample_id": 146}
{"x": ["\"", "I", "would", "like", "to", "inform", "you", "about", "my", "decision", "to", "break", "away", "from", "Pol", "Pwot", ",", "Ta", "Mok", ",", "Son", "Sfn", "'s", "dictatorial", "group", ",", "\"", "he", "said", "in", "a", "copy", "of", "the", "statement", "obtained", "by", "Reuteys", "."], "y": ["O", "O", "O", "O", "O", "O", "O", "O", "O", "O", "O", "O", "O", "O", "B-PER", "I-PER", "O", "B-PER", "I-PER", "O", "B-LOC", "I-LOC", "O", "O", "O", "O", "O", "O", "O", "O", "O", "O", "O", "O", "O", "O", "O", "B-ORG", "O"], "sample_id": 147}
{"x": ["For", "this", "reason", "we", "decided", "to", "break", "away", "from", "that", "dictatorial", "group", "and", "found", "a", "movement", "named", "'", "Democratic", "National", "Untied", "Movement", "'", ",", "\"", "he", "said", "."], "y": ["O", "O", "O", "O", "O", "O", "O", "O", "O", "O", "O", "O", "O", "O", "O", "O", "O", "O", "B-ORG", "I-ORG", "I-ORG", "I-ORG", "O", "O", "O", "O", "O", "O"], "sample_id": 148}
{"x": ["Two", "dead", "in", "Cambodik", "helicopter", "crash", "."], "y": ["O", "O", "O", "B-LOC", "O", "O", "O"], "sample_id": 149}
{"x": ["The", "cause", "of", "the", "crash", "of", "the", "helicopter", ",", "which", "went", "down", "on", "Sunday", "while", "on", "a", "routine", "resupply", "flight", "between", "Phnom", "Pneh", "and", "Stnug", "Treng", ",", "was", "not", "known", "."], "y": ["O", "O", "O", "O", "O", "O", "O", "O", "O", "O", "O", "O", "O", "O", "O", "O", "O", "O", "O", "O", "O", "B-LOC", "I-LOC", "O", "B-LOC", "I-LOC", "O", "O", "O", "O", "O"], "sample_id": 150}
{"x": ["\"", "The", "question", "is", "what", "the", "BVOJ", "is", "going", "to", "do", "with", "its", "interest", "rate", "policy", "."], "y": ["O", "O", "O", "O", "O", "O", "B-ORG", "O", "O", "O", "O", "O", "O", "O", "O", "O", "O"], "sample_id": 151}
{"x": ["Cina", "on", "Wednesday", "called", "on", "Japn", "to", "acknowledge", "its", "wartime", "past", "and", "put", "a", "stop", "to", "a", "tide", "of", "resurgent", "militarism", "to", "prevent", "similar", "atrocities", "in", "future", "."], "y": ["B-LOC", "O", "O", "O", "O", "B-LOC", "O", "O", "O", "O", "O", "O", "O", "O", "O", "O", "O", "O", "O", "O", "O", "O", "O", "O", "O", "O", "O", "O"], "sample_id": 155}
{"x": ["\"", "Numerous", "Japianese", "politicians", "have", "tried", "to", "whitewash", "their", "country", "'s", "war", "atrocities", "in", "recent", "years", ",", "\"", "the", "commentary", "said", "."], "y": ["O", "O", "B-MISC", "O", "O", "O", "O", "O", "O", "O", "O", "O", "O", "O", "O", "O", "O", "O", "O", "O", "O", "O"], "sample_id": 156}