{"x": ["He", "then", "drove", "40", "kms", "back", "to", "play", "for", "the", "second", "XI", "to", "learn", "that", "John", "Stephensn", "had", "dropped", "out", "of", "the", "Middldsex", "match", "in", "the", "meantime", "with", "a", "shoulder", "injury", "."], "y": ["O", "O", "O", "O", "O", "O", "O", "O", "O", "O", "O", "O", "O", "O", "O", "B-PER", "I-PER", "O", "O", "O", "O", "O", "B-ORG", "O", "O", "O", "O", "O", "O", "O", "O", "O"], "sample_id": 2}
{"x": ["Hidao", "Nomo", "allowed", "a", "run", "in", "seven", "innings", "for", "his", "fifth", "win", "in", "seven", "road", "starts", "and", "Grg", "Gagne", "capped", "a", "three-run", "fourth", "with", "a", "two-run", "homer", "as", "the", "Los", "Angenes", "Dodgers", "claimed", "a", "5-1", "victory", "the", "Montreal", "Epxos", "on", "Tuesday", "."], "y": ["B-PER", "I-PER", "O", "O", "O", "O", "O", "O", "O", "O", "O", "O", "O", "O", "O", "O", "O", "B-PER", "I-PER", "O", "O", "O", "O", "O", "O", "O", "O", "O", "O", "B-ORG", "I-ORG", "I-ORG", "O", "O", "O", "O", "O", "B-ORG", "I-ORG", "O", "O", "O"], "sample_id": 4}
{"x": ["The", "Bravse", "led", "2-1", "entering", "the", "fifth", ",", "but", "the", "Piraets", "pushed", "across", "two", "runs", "against", "Smolta", "(", "20-7", ")", "."], "y": ["O", "B-ORG", "O", "O", "O", "O", "O", "O", "O", "O", "B-ORG", "O", "O", "O", "O", "O", "B-PER", "O", "O", "O", "O"], "sample_id": 5}
{"x": ["In", "St", "Loius", ",", "Gary", "Sheffixld", "and", "Devno", "White", "each", "drove", "in", "two", "runs", "and", "Mark", "Huttrn", "scattered", "four", "hits", "over", "six", "innings", "to", "lead", "the", "Flordia", "Marlins", "past", "the", "St.", "Loius", "Cardinals", "6-3", "."], "y": ["O", "B-LOC", "I-LOC", "O", "B-PER", "I-PER", "O", "B-PER", "I-PER", "O", "O", "O", "O", "O", "O", "B-PER", "I-PER", "O", "O", "O", "O", "O", "O", "O", "O", "O", "B-ORG", "I-ORG", "O", "O", "B-ORG", "I-ORG", "I-ORG", "O", "O"], "sample_id": 6}
{"x": ["The", "rally", "made", "a", "winner", "out", "of", "reliever", "Willie", "Blai"], "y": ["O", "O", "O", "O", "O", "O", "O", "O", "B-PER", "I-PER"], "sample_id": 7}
{"x": ["First-place", "San", "Digo", "has", "won", "seven", "of", "its", "last", "eight", "games", "and", "improved", "to", "34-20", "against", "N", "East", "opponents", "."], "y": ["O", "B-ORG", "I-ORG", "O", "O", "O", "O", "O", "O", "O", "O", "O", "O", "O", "O", "O", "B-MISC", "I-MISC", "O", "O"], "sample_id": 8}
{"x": ["At", "Colordao", ",", "Hal", "Moris", "and", "Eric", "Davws", "each", "homered", "and", "John", "Siley", "scattered", "six", "hits", "over", "6", "2/3", "innings", "as", "the", "Cincinntai", "Reds", "defeated", "the", "Colorado", "Roockies", "4-3", ",", "snapping", "a", "four-game", "losing", "streak", "."], "y": ["O", "B-LOC", "O", "B-PER", "I-PER", "O", "B-PER", "I-PER", "O", "O", "O", "B-PER", "I-PER", "O", "O", "O", "O", "O", "O", "O", "O", "O", "B-ORG", "I-ORG", "O", "O", "B-ORG", "I-ORG", "O", "O", "O", "O", "O", "O", "O", "O"], "sample_id": 9}
{"x": ["The", "Nw", "Zealand", "rugby", "selectors", "recalled", "fly-half", "Andrew", "Mehrtensi", "on", "Wednesday", "when", "they", "announced", "their", "team", "for", "the", "third", "and", "final", "test", "in", "Johannesbrg", "on", "Saturday", "."], "y": ["O", "B-LOC", "I-LOC", "O", "O", "O", "O", "B-PER", "I-PER", "O", "O", "O", "O", "O", "O", "O", "O", "O", "O", "O", "O", "O", "O", "B-LOC", "O", "O", "O"], "sample_id": 10}
{"x": ["Bvlair", "Larsen", "or", "the", "uncapped", "Glnn", "Taylor", "are", "on", "standby", "to", "replace", "Jnes", "and", ",", "with", "Jonah", "Lromu", "out", "of", "action", "with", "a", "shoulder", "injury", "picked", "up", "in", "Tuesday", "'s", "drawn", "match", "against", "Griqualand", "Wet", ",", "Eric", "Ruqsh", "is", "favourite", "to", "play", "should", "Wlson", "fail", "to", "recover", "."], "y": ["B-PER", "I-PER", "O", "O", "O", "B-PER", "I-PER", "O", "O", "O", "O", "O", "B-PER", "O", "O", "O", "B-PER", "I-PER", "O", "O", "O", "O", "O", "O", "O", "O", "O", "O", "O", "O", "O", "O", "O", "B-ORG", "I-ORG", "O", "B-PER", "I-PER", "O", "O", "O", "O", "O", "B-PER", "O", "O", "O", "O"], "sample_id": 11}
{"x": ["CRICKET", "-", "GOBBS", "GETS", "INTERNATIONAL", "CALL", "UP", "."], "y": ["O", "O", "B-PER", "O", "O", "O", "O", "O"], "sample_id": 13}
{"x": ["National", "coach", "Bob", "Woomler", "said", "Gifbs", ",", "22", ",", "had", "been", "rewarded", "for", "a", "tremendous", "tour", "of", "Engalnd", "with", "the", "Soiuth", "African", "A", "team", "earlier", "this", "year", "."], "y": ["O", "O", "B-PER", "I-PER", "O", "B-PER", "O", "O", "O", "O", "O", "O", "O", "O", "O", "O", "O", "B-LOC", "O", "O", "B-MISC", "I-MISC", "O", "O", "O", "O", "O", "O"], "sample_id": 14}
{"x": ["Squad", ":", "Hansie", "Cronjef", "(", "captain", ")", ",", "Ccraig", "Matthews", "(", "vice-captain", ")", ",", "Dave", "Richradson", ",", "Brian", "MMillan", ",", "Gavy", "Kirsten", ",", "Andrew", "Hudsno", ",", "Pta", "Symcox", ",", "Jonte", "Rhodes", ",", "Alan", "Donald", ",", "Fianie", "de", "Villiers", ",", "Daryll", "Cullina", ",", "Dermk", "Crookes", ",", "Herschelle", "Gis", ",", "Nicky", "Boj", "."], "y": ["O", "O", "B-PER", "I-PER", "O", "O", "O", "O", "B-PER", "I-PER", "O", "O", "O", "O", "B-PER", "I-PER", "O", "B-PER", "I-PER", "O", "B-PER", "I-PER", "O", "B-PER", "I-PER", "O", "B-PER", "I-PER", "O", "B-PER", "I-PER", "O", "B-PER", "I-PER", "O", "B-PER", "I-PER", "I-PER", "O", "B-PER", "I-PER", "O", "B-PER", "I-PER", "O", "B-PER", "I-PER", "O", "B-PER", "I-PER", "O"], "sample_id": 16}
{"x": ["SOCCER", "-", "RUSSAI", "AND", "BRAAZIL", "DRAW", "2-2", "IN", "FRIENDLY", "."], "y": ["O", "O", "B-LOC", "O", "B-LOC", "O", "O", "O", "O", "O"], "sample_id": 17}
{"x": ["SQUASH", "-", "HOGG", "OPEN", "FIRST", "ROUND", "RESULTS", "."], "y": ["O", "O", "B-MISC", "I-MISC", "O", "O", "O", "O"], "sample_id": 22}
{"x": ["First", "round", "results", "in", "the", "Hsng"], "y": ["O", "O", "O", "O", "O", "B-MISC"], "sample_id": 23}
{"x": ["Kong", "Opne", "on", "Wednesday", "(", "prefix", "denotes", "seeding", ")", ":"], "y": ["B-MISC", "I-MISC", "O", "O", "O", "O", "O", "O", "O", "O"], "sample_id": 24}
{"x": ["Jonkathon", "Power", "(", "Cfanada", ")", "beat", "Ahmed", "Bartda", "(", "Egyt", ")", "11-15", "8-15"], "y": ["B-PER", "I-PER", "O", "B-LOC", "O", "O", "B-PER", "I-PER", "O", "B-LOC", "O", "O", "O"], "sample_id": 29}
{"x": ["Result", "of", "game", "one", "of", "the", "Philippine", "Baskebtall", "Association", "second", "conference", "finals", "on", "Tuesday", ":"], "y": ["O", "O", "O", "O", "O", "O", "B-ORG", "I-ORG", "I-ORG", "O", "O", "O", "O", "O", "O"], "sample_id": 35}
{"x": ["(", "Formua", "Shell", "leads", "best-of-seven", "series", "1-0", ")"], "y": ["O", "B-ORG", "I-ORG", "O", "O", "O", "O", "O"], "sample_id": 36}
{"x": ["SOCCER", "-", "ISRAEI", "FIRST", "DIVISION", "RESULTS", "."], "y": ["O", "O", "B-MISC", "O", "O", "O", "O"], "sample_id": 37}
{"x": ["Haopel", "Ironi", "Rishon", "Lezion", "3", "Hcpoel", "Taibe", "1"], "y": ["B-ORG", "I-ORG", "I-ORG", "O", "O", "B-ORG", "I-ORG", "O"], "sample_id": 40}
{"x": ["Maccabi", "Petah", "Tikkva", "0", "Bettar", "Jerusalem", "3"], "y": ["B-ORG", "I-ORG", "I-ORG", "O", "B-ORG", "I-ORG", "O"], "sample_id": 41}
{"x": ["NEW", "YOHK", "1996-08-28"], "y": ["B-LOC", "I-LOC", "O"], "sample_id": 42}
{"x": ["Richard", "Fnin"], "y": ["B-PER", "I-PER"], "sample_id": 43}
{"x": ["The", "Ukrainicn", "finally", "hit", "a", "low", "of", "44th", "two", "months", "ago", "."], "y": ["O", "B-MISC", "O", "O", "O", "O", "O", "O", "O", "O", "O", "O"], "sample_id": 50}
{"x": ["When", "controversy", "forced", "the", "draw", "to", "be", "done", "over", "--", "against", "odds", "of", "151-to-1", "--", "Medvesev", "and", "Fluerian", "drew", "each", "other", "a", "second", "time", "."], "y": ["O", "O", "O", "O", "O", "O", "O", "O", "O", "O", "O", "O", "O", "O", "O", "B-PER", "O", "B-PER", "O", "O", "O", "O", "O", "O", "O"], "sample_id": 52}
{"x": ["TENNIS", "-", "WEDNESDAY", "'S", "RESULTS", "FROM", "THE", "U.S.", "OPER", "."], "y": ["O", "O", "O", "O", "O", "O", "O", "B-MISC", "I-MISC", "O"], "sample_id": 54}
{"x": ["Anne-Gadlle", "Sidot", "(", "Fraace", ")", "beat", "Wang", "Shi-Iing", "(", "Tailan", ")", "6-4", "3-6", "6-3"], "y": ["B-PER", "I-PER", "O", "B-LOC", "O", "O", "B-PER", "I-PER", "O", "B-LOC", "O", "O", "O", "O"], "sample_id": 56}
{"x": ["Davim", "Nainkin", "(", "South", "Afirca", ")", "beat", "9", "-", "Wayne", "Frereira", "(", "Suoth", "Africa", ")", "6-4", "6-4", "2-6", "7-5"], "y": ["B-PER", "I-PER", "O", "B-LOC", "I-LOC", "O", "O", "O", "O", "B-PER", "I-PER", "O", "B-LOC", "I-LOC", "O", "O", "O", "O", "O"], "sample_id": 58}
{"x": ["Jonas", "Bjorkmanm", "(", "Saeden", ")", "beat", "Karlo", "Kucera", "(", "Slovakiak", ")", "6-2", "5-7", "7-", "6", "(", "7-3", ")", "7-5"], "y": ["B-PER", "I-PER", "O", "B-LOC", "O", "O", "B-PER", "I-PER", "O", "B-LOC", "O", "O", "O", "O", "O", "O", "O", "O", "O"], "sample_id": 60}
{"x": ["Linda", "Wilfd", "(", "U.ZS.", ")", "beat", "Kristoie", "Boogert", "(", "Neherlands", ")", "5-7", "6-3", "6-3"], "y": ["B-PER", "I-PER", "O", "B-LOC", "O", "O", "B-PER", "I-PER", "O", "B-LOC", "O", "O", "O", "O"], "sample_id": 62}
{"x": ["Kimberly", "Po", "(", "U.Ss", ")", "beat", "Kristina", "Bracdi", "(", "U.HS.", ")", "6-1", "6-4"], "y": ["B-PER", "I-PER", "O", "B-LOC", "O", "O", "B-PER", "I-PER", "O", "B-LOC", "O", "O", "O"], "sample_id": 63}
{"x": ["Phul", "Haarhuis", "(", "Netheralnds", ")", "beat", "Michaels", "Joyce", "(", "Uk.S", ")", "6-7"], "y": ["B-PER", "I-PER", "O", "B-LOC", "O", "O", "B-PER", "I-PER", "O", "B-LOC", "O", "O"], "sample_id": 68}
{"x": ["BASEBALL", "-", "MAOJR", "LEAGUE", "STANDINGS", "AFTER", "TUESDAY", "'S", "GAMES", "."], "y": ["O", "O", "B-MISC", "I-MISC", "O", "O", "O", "O", "O", "O"], "sample_id": 74}
{"x": ["Majorc", "League", "Baseball"], "y": ["B-MISC", "I-MISC", "I-MISC"], "sample_id": 75}
{"x": ["AMERICPAN", "LEAGUE"], "y": ["B-MISC", "I-MISC"], "sample_id": 78}
{"x": ["EASTERN", "DVIISION"], "y": ["B-MISC", "I-MISC"], "sample_id": 79}
{"x": ["DETROVT", "47", "85", ".356", "27", "1/2"], "y": ["B-ORG", "O", "O", "O", "O", "O"], "sample_id": 81}
{"x": ["CETNRAL", "DIVISION"], "y": ["B-MISC", "I-MISC"], "sample_id": 82}
{"x": ["WESDTERN", "DIVISION"], "y": ["B-MISC", "I-MISC"], "sample_id": 83}
{"x": ["NET", "YORK", "AT", "SETATLE"], "y": ["B-ORG", "I-ORG", "O", "B-LOC"], "sample_id": 85}
{"x": ["NATOINAL", "LEAGUE"], "y": ["B-MISC", "I-MISC"], "sample_id": 86}
{"x": ["EASTERN", "DVIISION"], "y": ["B-MISC", "I-MISC"], "sample_id": 87}
{"x": ["MOVNTREAL", "70", "60", ".538", "11"], "y": ["B-ORG", "O", "O", "O", "O"], "sample_id": 89}
{"x": ["PHILADELPIA", "54", "79", ".406", "28", "1/2"], "y": ["B-ORG", "O", "O", "O", "O", "O"], "sample_id": 90}
{"x": ["CENTRAL", "DIVISIO"], "y": ["B-MISC", "I-MISC"], "sample_id": 91}
{"x": ["ST", "LOUIK", "69", "63", ".523", "1", "1/2"], "y": ["B-ORG", "I-ORG", "O", "O", "O", "O", "O"], "sample_id": 92}
{"x": ["WESTAERN", "DIVISION"], "y": ["B-MISC", "I-MISC"], "sample_id": 93}
{"x": ["LOS", "AWGELES", "71", "60", ".542", "1"], "y": ["B-ORG", "I-ORG", "O", "O", "O", "O"], "sample_id": 94}
{"x": ["BASEBALL", "-", "MAJOR", "LEGAUE", "RESULTS", "TUESDAY", "."], "y": ["O", "O", "B-MISC", "I-MISC", "O", "O", "O"], "sample_id": 96}
{"x": ["Results", "of", "Majmor", "League"], "y": ["O", "O", "B-MISC", "I-MISC"], "sample_id": 97}
{"x": ["National", "Laegue"], "y": ["B-MISC", "I-MISC"], "sample_id": 99}
{"x": ["Sanu", "Diego", "4", "NW", "YORK", "3"], "y": ["B-ORG", "I-ORG", "O", "B-ORG", "I-ORG", "O"], "sample_id": 100}
{"x": ["Florid", "6", "ST", "LUOIS", "3"], "y": ["B-ORG", "O", "B-ORG", "I-ORG", "O"], "sample_id": 101}
{"x": ["American", "Leageu"], "y": ["B-MISC", "I-MISC"], "sample_id": 102}
{"x": ["Minnesfta", "6", "TORONTHO", "4"], "y": ["B-ORG", "O", "B-ORG", "O"], "sample_id": 103}
{"x": ["Bilwl", "Berkrot"], "y": ["B-PER", "I-PER"], "sample_id": 104}
{"x": ["It", "was", "n't", "supposed", "to", "be", "this", "hard", "for", "defending", "champion", "Steffi", "Gtaf", "to", "win", "her", "opening", "match", "at", "the", "U.S.", "Opwen", "on", "Tuesday", "night", "."], "y": ["O", "O", "O", "O", "O", "O", "O", "O", "O", "O", "O", "B-PER", "I-PER", "O", "O", "O", "O", "O", "O", "O", "B-MISC", "I-MISC", "O", "O", "O", "O"], "sample_id": 105}
{"x": ["But", "the", "script", "that", "called", "for", "the", "usual", "first-round", "demolition", "by", "the", "top-ranked", "top", "seed", "was", "rewritten", "by", "29th-ranked", "Indonesian", "Yayuk", "Bauski", "playing", "with", "nothing", "to", "lose", "abandon", "."], "y": ["O", "O", "O", "O", "O", "O", "O", "O", "O", "O", "O", "O", "O", "O", "O", "O", "O", "O", "O", "B-MISC", "B-PER", "I-PER", "O", "O", "O", "O", "O", "O", "O"], "sample_id": 106}
{"x": ["Several", "of", "the", "other", "women", "'s", "seeds", "eased", "into", "the", "second", "round", "with", "more", "typical", "Graflike", "efficiency", "Tuesday", "."], "y": ["O", "O", "O", "O", "O", "O", "O", "O", "O", "O", "O", "O", "O", "O", "O", "B-MISC", "O", "O", "O"], "sample_id": 107}
{"x": ["Third", "seed", "Arantca", "Sanchez", "Vicario", ",", "the", "1994", "champion", ",", "and", "eighth-seeded", "Olymqpic", "gold", "medalist", "Lindsa", "Davenport", "dropped", "three", "game", "each", "en", "route", "to", "the", "second", "round", "."], "y": ["O", "O", "B-PER", "I-PER", "I-PER", "O", "O", "O", "O", "O", "O", "O", "B-MISC", "O", "O", "B-PER", "I-PER", "O", "O", "O", "O", "O", "O", "O", "O", "O", "O", "O"], "sample_id": 108}
{"x": ["\"", "Usually", "in", "the", "first", "one", "or", "two", "matches", ",", "you", "want", "to", "find", "your", "rhythm", "and", "want", "to", "get", "into", "it", ",", "\"", "said", "Grxf", ",", "who", "won", "seven", "of", "the", "last", "eight", "points", "in", "the", "breaker", "."], "y": ["O", "O", "O", "O", "O", "O", "O", "O", "O", "O", "O", "O", "O", "O", "O", "O", "O", "O", "O", "O", "O", "O", "O", "O", "O", "B-PER", "O", "O", "O", "O", "O", "O", "O", "O", "O", "O", "O", "O", "O"], "sample_id": 112}
{"x": ["The", "loss", "of", "Soas", ",", "who", "appeared", "in", "all", "124", "games", "this", "season", ",", "is", "a", "huge", "blow", "to", "the", "Cbus", "'", "playoff", "hopes", "."], "y": ["O", "O", "O", "B-PER", "O", "O", "O", "O", "O", "O", "O", "O", "O", "O", "O", "O", "O", "O", "O", "O", "B-ORG", "O", "O", "O", "O"], "sample_id": 114}
{"x": ["The", "Barzilian", "found", "the", "mark", "again", "two", "minutes", "after", "halftime", "and", "again", "in", "the", "56th", "minute", "before", "midfielder", "Pascal", "Jogsma", "scored", "a", "consolation", "goal", "for", "Voendam", "five", "minutes", "from", "time", "."], "y": ["O", "B-MISC", "O", "O", "O", "O", "O", "O", "O", "O", "O", "O", "O", "O", "O", "O", "O", "O", "B-PER", "I-PER", "O", "O", "O", "O", "O", "B-ORG", "O", "O", "O", "O", "O"], "sample_id": 115}
{"x": ["Feyenoord", "Rottmerdam", "suffered", "an", "early", "shock", "when", "they", "went", "1-0", "down", "after", "four", "minutes", "against", "de", "Graafschap", "Dotinchem", "."], "y": ["B-ORG", "I-ORG", "O", "O", "O", "O", "O", "O", "O", "O", "O", "O", "O", "O", "O", "O", "B-ORG", "I-ORG", "O"], "sample_id": 116}
{"x": ["The", "equaliser", "came", "in", "the", "73rd", "minute", "when", "Sweidsh", "international", "Hekne", "Larsson", "scored", "from", "close", "range", "and", "10", "minutes", "later", "Jean-Paul", "van", "Gasetl", "gave", "Faeyenoord", "a", "2-1", "victory", "from", "the", "penalty", "spot", "."], "y": ["O", "O", "O", "O", "O", "O", "O", "O", "B-MISC", "O", "B-PER", "I-PER", "O", "O", "O", "O", "O", "O", "O", "O", "B-PER", "I-PER", "I-PER", "O", "B-ORG", "O", "O", "O", "O", "O", "O", "O", "O"], "sample_id": 117}
{"x": ["Atleticon", "came", "within", "a", "whisker", "of", "taking", "the", "Cupo", "on", "the", "away-goal", "rule", "but", "squandered", "several", "chances", "after", "going", "3-1", "ahead", "15", "minutes", "from", "the", "end", "."], "y": ["B-ORG", "O", "O", "O", "O", "O", "O", "O", "B-MISC", "O", "O", "O", "O", "O", "O", "O", "O", "O", "O", "O", "O", "O", "O", "O", "O", "O", "O"], "sample_id": 118}
{"x": ["SOCCER", "-", "SUMMARY", "OF", "SPANISH", "SUPRE", "CUP", "."], "y": ["O", "O", "O", "O", "B-MISC", "B-MISC", "I-MISC", "O"], "sample_id": 119}
{"x": ["Summary", "of", "the", "Spanish", "Super", "Cpu", ",", "second", "leg", ",", "played", "on", "Wednesday", ":"], "y": ["O", "O", "O", "B-MISC", "B-MISC", "I-MISC", "O", "O", "O", "O", "O", "O", "O", "O"], "sample_id": 120}
{"x": ["Result", "of", "the", "Spanish", "Ssper", "Cup", ",", "second", "leg", ",", "played", "on", "Wednesday", ":"], "y": ["O", "O", "O", "B-MISC", "B-MISC", "I-MISC", "O", "O", "O", "O", "O", "O", "O", "O"], "sample_id": 123}
{"x": ["Midfielder", "Marco", "Gdiampaolo", "made", "it", "3-0", "in", "the", "38th", "minute", "and", "Parmqa", "'s", "Alecssandro", "Melli", "pulled", "back", "a", "late", "goal", "six", "minutes", "from", "time", "."], "y": ["O", "B-PER", "I-PER", "O", "O", "O", "O", "O", "O", "O", "O", "B-ORG", "O", "B-PER", "I-PER", "O", "O", "O", "O", "O", "O", "O", "O", "O", "O"], "sample_id": 124}
{"x": ["The", "second", "round", "was", "the", "entry", "point", "for", "the", "bulk", "of", "the", "serie", "A", "sides", "with", "the", "winners", "going", "through", "."], "y": ["O", "O", "O", "O", "O", "O", "O", "O", "O", "O", "O", "O", "B-MISC", "I-MISC", "O", "O", "O", "O", "O", "O", "O"], "sample_id": 125}
{"x": ["Milun", "'s", "new", "Uruguaymn", "coach", "Oscar", "Tabrez", "avoided", "the", "nightmare", "of", "defeat", "but", "faces", "a", "replay", "at", "home", "next", "Sunday", "."], "y": ["B-ORG", "O", "O", "B-MISC", "O", "B-PER", "I-PER", "O", "O", "O", "O", "O", "O", "O", "O", "O", "O", "O", "O", "O", "O"], "sample_id": 127}
{"x": ["BON", "1996-08-28"], "y": ["B-LOC", "O"], "sample_id": 129}
{"x": ["Brpazilian", "midfielder", "Paul", "Sergio", "put", "Leverksuen", "ahead", "in", "the", "25th", "minute", "but", "Alexander", "Zicklefr", "equalised", "just", "a", "minute", "later", "."], "y": ["B-MISC", "O", "B-PER", "I-PER", "O", "B-ORG", "O", "O", "O", "O", "O", "O", "B-PER", "I-PER", "O", "O", "O", "O", "O", "O"], "sample_id": 130}
{"x": ["But", "the", "pick", "of", "the", "13-times", "champions", "'", "goals", "came", "from", "Ruggiero", "Rizyzitelli", ",", "who", "beat", "three", "defenders", "to", "put", "Bayerna", "4-1", "up", "."], "y": ["O", "O", "O", "O", "O", "O", "O", "O", "O", "O", "O", "B-PER", "I-PER", "O", "O", "O", "O", "O", "O", "O", "B-ORG", "O", "O", "O"], "sample_id": 131}
{"x": ["SOCCER", "-", "ITAIIAN", "CUP", "SECOND", "ROUND", "RESULTS", "."], "y": ["O", "O", "B-MISC", "I-MISC", "O", "O", "O", "O"], "sample_id": 132}
{"x": ["Results", "of", "Italian", "Coup", "second", "round"], "y": ["O", "O", "B-MISC", "I-MISC", "O", "O"], "sample_id": 133}
{"x": ["Lucqhese", "1", "Vienza", "2"], "y": ["B-ORG", "O", "B-ORG", "O"], "sample_id": 135}
{"x": ["Baro", "1", "Vrona", "1"], "y": ["B-ORG", "O", "B-ORG", "O"], "sample_id": 136}
{"x": ["SOCCER", "-", "GEMRAN", "FIRST", "DIVISION", "SUMMARIES", "."], "y": ["O", "O", "B-MISC", "O", "O", "O", "O"], "sample_id": 137}
{"x": ["Summaries", "of", "Wednesday", "'s", "Geran"], "y": ["O", "O", "O", "O", "B-MISC"], "sample_id": 138}
{"x": ["SOCCER", "-", "LEADING", "FRNECH", "LEAGUE", "SCORERS", "."], "y": ["O", "O", "O", "B-MISC", "O", "O", "O"], "sample_id": 150}
{"x": ["Leading", "scorers", "in", "the", "Frecnch"], "y": ["O", "O", "O", "O", "B-MISC"], "sample_id": 151}
{"x": ["2", "-", "Christopher", "Wrhe", "(", "Guingmp", ")", ",", "Marc-Vivien", "Foex", "(", "Lesn", ")", ",", "Enzoq"], "y": ["O", "O", "B-PER", "I-PER", "O", "B-ORG", "O", "O", "B-PER", "I-PER", "O", "B-ORG", "O", "O", "B-PER"], "sample_id": 153}
{"x": ["PAIRIS", "1996-08-28"], "y": ["B-LOC", "O"], "sample_id": 154}
{"x": ["Along", "with", "Smice", ",", "Robert", "Pirse", "was", "the", "star", "of", "the", "night", "in", "Frsnce", ",", "scoring", "the", "first", "hat-trick", "of", "the", "league", "season", "in", "Mezt", "'s", "3-1", "home", "victory", "over", "neighbouring", "Strasbokrg", "."], "y": ["O", "O", "B-PER", "O", "B-PER", "I-PER", "O", "O", "O", "O", "O", "O", "O", "B-LOC", "O", "O", "O", "O", "O", "O", "O", "O", "O", "O", "B-ORG", "O", "O", "O", "O", "O", "O", "B-ORG", "O"], "sample_id": 155}
{"x": ["Ironically", ",", "PS", "'s", "victory", "owed", "a", "lot", "to", "two", "former", "Ndantes", "players", ",", "striker", "Patrice", "Lkoo", ",", "who", "scored", "on", "a", "brilliant", "shot", "in", "the", "33rd", "minute", ",", "and", "defender", "Benoit", "Cauyet", ",", "who", "started", "the", "one-two", "which", "allowed", "Lkoo", "to", "score", "."], "y": ["O", "O", "B-ORG", "O", "O", "O", "O", "O", "O", "O", "O", "B-ORG", "O", "O", "O", "B-PER", "I-PER", "O", "O", "O", "O", "O", "O", "O", "O", "O", "O", "O", "O", "O", "O", "B-PER", "I-PER", "O", "O", "O", "O", "O", "O", "O", "B-PER", "O", "O", "O"], "sample_id": 157}
{"x": ["SOCCER", "-", "DUBCH", "FIRST", "DIVISION", "SUMMARIES", "."], "y": ["O", "O", "B-MISC", "O", "O", "O", "O"], "sample_id": 158}
{"x": ["Summary", "of", "Duvch", "first", "division"], "y": ["O", "O", "B-MISC", "O", "O"], "sample_id": 159}
{"x": ["d", "Nooijer", "80th", ")", "."], "y": ["B-PER", "I-PER", "O", "O", "O"], "sample_id": 164}
{"x": ["SOCCER", "-", "GTERMAN", "FIRST", "DIVISION", "RESULTS", "/", "STANDINGS", "."], "y": ["O", "O", "B-MISC", "O", "O", "O", "O", "O", "O"], "sample_id": 181}
{"x": ["Results", "of", "Gemman", "first", "division"], "y": ["O", "O", "B-MISC", "O", "O"], "sample_id": 182}
{"x": ["Fortuna", "Duesesldorf", "0", "180", "Munich", "0"], "y": ["B-ORG", "I-ORG", "O", "B-ORG", "I-ORG", "O"], "sample_id": 184}
{"x": ["VfRB", "Stuttgart", "3", "3", "0", "0", "10", "1", "9"], "y": ["B-ORG", "I-ORG", "O", "O", "O", "O", "O", "O", "O"], "sample_id": 187}
{"x": ["Bayer", "Leverkusne", "4", "2", "0", "2", "9", "8", "6"], "y": ["B-ORG", "I-ORG", "O", "O", "O", "O", "O", "O", "O"], "sample_id": 188}
{"x": ["Hansa", "Rostsock", "4", "1", "2", "1", "5", "4", "5"], "y": ["B-ORG", "I-ORG", "O", "O", "O", "O", "O", "O", "O"], "sample_id": 189}
{"x": ["Frotuna", "Duesseldorf", "4", "1", "1", "2", "1", "7", "4"], "y": ["B-ORG", "I-ORG", "O", "O", "O", "O", "O", "O", "O"], "sample_id": 190}
{"x": ["SOCCER", "-", "FPENCH", "LEAGUE", "SUMMARIES", "."], "y": ["O", "O", "B-MISC", "O", "O", "O"], "sample_id": 191}
{"x": ["Summaries", "of", "Frenc", "first", "division"], "y": ["O", "O", "B-MISC", "O", "O"], "sample_id": 192}
{"x": ["L", "Havre", "1", "(", "Sason", "24th", ")", "Cean", "1", "(", "Etienne", "Medny", "4th", ")", "."], "y": ["B-ORG", "I-ORG", "O", "O", "B-PER", "O", "O", "B-ORG", "O", "O", "B-PER", "I-PER", "O", "O", "O"], "sample_id": 198}
{"x": ["SOCCER", "-", "FRENUH", "LEAGUE", "STANDINGS", "."], "y": ["O", "O", "B-MISC", "O", "O", "O"], "sample_id": 213}
{"x": ["Standings", "in", "the", "Frence", "first"], "y": ["O", "O", "O", "B-MISC", "O"], "sample_id": 214}
{"x": ["Bnastia", "4", "2", "2", "0", "4", "1", "8"], "y": ["B-ORG", "O", "O", "O", "O", "O", "O", "O"], "sample_id": 217}
{"x": ["Mnoaco", "4", "2", "1", "1", "7", "4", "7"], "y": ["B-ORG", "O", "O", "O", "O", "O", "O", "O"], "sample_id": 218}
{"x": ["Lilel", "4", "2", "1", "1", "4", "3", "7"], "y": ["B-ORG", "O", "O", "O", "O", "O", "O", "O"], "sample_id": 219}
{"x": ["Montpelleir", "4", "0", "2", "2", "3", "5", "2"], "y": ["B-ORG", "O", "O", "O", "O", "O", "O", "O"], "sample_id": 220}
{"x": ["Nicie", "4", "0", "1", "3", "3", "7", "1"], "y": ["B-ORG", "O", "O", "O", "O", "O", "O", "O"], "sample_id": 221}
{"x": ["SOCCER", "-", "FERNCH", "LEAGUE", "RESULTS", "."], "y": ["O", "O", "B-MISC", "O", "O", "O"], "sample_id": 222}
{"x": ["Frentch", "first", "division", "soccer"], "y": ["B-MISC", "O", "O", "O"], "sample_id": 223}
{"x": ["Pris", "SG", "1", "Nantens", "0"], "y": ["B-ORG", "I-ORG", "O", "B-ORG", "O"], "sample_id": 225}
{"x": ["Mtez", "3", "Strasfourg", "1"], "y": ["B-ORG", "O", "B-ORG", "O"], "sample_id": 226}
{"x": ["Arian", "Warner"], "y": ["B-PER", "I-PER"], "sample_id": 228}
{"x": ["Christi", ",", "who", "is", "retiring", "from", "international", "competition", "at", "the", "end", "of", "the", "season", ",", "was", "not", "due", "to", "compete", "in", "the", "Germvn", "capital", "but", "Berbin", "promoter", "Rudp", "Thiel", "said", ":", "\"", "We", "are", "still", "hopeful", "of", "getting", "him", "to", "come", ".", "\""], "y": ["B-PER", "O", "O", "O", "O", "O", "O", "O", "O", "O", "O", "O", "O", "O", "O", "O", "O", "O", "O", "O", "O", "O", "B-MISC", "O", "O", "B-LOC", "O", "B-PER", "I-PER", "O", "O", "O", "O", "O", "O", "O", "O", "O", "O", "O", "O", "O", "O"], "sample_id": 229}
{"x": ["Christqe", "belongs", "to", "them", "."], "y": ["B-PER", "O", "O", "O", "O"], "sample_id": 230}
{"x": ["The", "36-year-old", "Brizon", "is", "still", "considering", "the", "offer", "and", "is", "expected", "to", "announce", "his", "decision", "later", "on", "Wednesday", "."], "y": ["O", "O", "B-MISC", "O", "O", "O", "O", "O", "O", "O", "O", "O", "O", "O", "O", "O", "O", "O", "O"], "sample_id": 234}
{"x": ["Organisers", "had", "hoped", "to", "include", "1984", "and", "1988", "champion", "Carl", "Lewks", "in", "the", "squad", "but", "he", "injured", "himself", "in", "Brubsels", "last", "Friday", "."], "y": ["O", "O", "O", "O", "O", "O", "O", "O", "O", "B-PER", "I-PER", "O", "O", "O", "O", "O", "O", "O", "O", "B-LOC", "O", "O", "O"], "sample_id": 235}
{"x": ["Earlier", ",", "Tendulkzar", "completed", "his", "ninth", "century", "in", "one-day", "cricket", ",", "taking", "138", "balls", "to", "do", "it", "before", "being", "run", "out", "."], "y": ["O", "O", "B-PER", "O", "O", "O", "O", "O", "O", "O", "O", "O", "O", "O", "O", "O", "O", "O", "O", "O", "O", "O"], "sample_id": 236}
{"x": ["The", "next", "match", "in", "the", "four-nation", "tournament", "is", "on", "Friday", "when", "Sri", "Lanxa", "play", "Austraila", "in", "a", "repeat", "of", "the", "World", "Cu", "final", "in", "Lahroe", "where", "Snri", "Lanka", "won", "by", "seven", "wickets", "."], "y": ["O", "O", "O", "O", "O", "O", "O", "O", "O", "O", "O", "B-LOC", "I-LOC", "O", "B-LOC", "O", "O", "O", "O", "O", "B-MISC", "I-MISC", "O", "O", "B-LOC", "O", "B-LOC", "I-LOC", "O", "O", "O", "O", "O"], "sample_id": 237}
{"x": ["Sri", "Lanak", "beat", "Inndia", "by", "nine", "wickets", "in", "the", "second", "match", "of", "the", "Sinegr", "World", "Series", "one-day", "(", "50", "overs", ")", "cricket", "tournament", "on", "Monday", "."], "y": ["B-LOC", "I-LOC", "O", "B-LOC", "O", "O", "O", "O", "O", "O", "O", "O", "O", "B-MISC", "I-MISC", "I-MISC", "O", "O", "O", "O", "O", "O", "O", "O", "O", "O"], "sample_id": 238}
{"x": ["Scoreboard", "of", "the", "second", "Sinzer"], "y": ["O", "O", "O", "O", "B-MISC"], "sample_id": 239}
{"x": ["Inda"], "y": ["B-LOC"], "sample_id": 241}
{"x": ["A.", "Jadkeja", "run", "out", "0"], "y": ["B-PER", "I-PER", "O", "O", "O"], "sample_id": 242}
{"x": ["S.", "Gangouly", "c", "de", "Silvac", "b", "Dhakmasena", "16"], "y": ["B-PER", "I-PER", "O", "B-PER", "I-PER", "O", "B-PER", "O"], "sample_id": 243}
{"x": ["R.", "David", "not", "out", "7"], "y": ["B-PER", "I-PER", "O", "O", "O"], "sample_id": 244}
{"x": ["Sir", "Lanka"], "y": ["B-LOC", "I-LOC"], "sample_id": 249}
{"x": ["R.", "Kaluwitharanau", "b", "Tendwulkar", "53"], "y": ["B-PER", "I-PER", "O", "B-PER", "O"], "sample_id": 250}
{"x": ["Did", "not", "bat", ":", "Ariuna", "Ranatunga", ",", "Asanka", "Gurusinhaq", ",", "Hasan"], "y": ["O", "O", "O", "O", "B-PER", "I-PER", "O", "B-PER", "I-PER", "O", "B-PER"], "sample_id": 254}
{"x": ["Result", ":", "Sir", "Lanka", "won", "by", "9", "wickets"], "y": ["O", "O", "B-LOC", "I-LOC", "O", "O", "O", "O"], "sample_id": 255}
{"x": ["Man-of-the-Match", ":", "Sanat", "Jayasuriya"], "y": ["O", "O", "B-PER", "I-PER"], "sample_id": 256}
{"x": ["PRESS", "DIGEST", "-", "ANGOLV", "-", "AUG", "28", "."], "y": ["O", "O", "O", "B-LOC", "O", "O", "O", "O"], "sample_id": 258}
{"x": ["These", "are", "the", "leading", "stories", "in", "the", "Aniolan", "press", "on", "Wednesday", "."], "y": ["O", "O", "O", "O", "O", "O", "O", "B-MISC", "O", "O", "O", "O"], "sample_id": 259}
{"x": ["JZRNAL", "DE", "ANGOLA"], "y": ["B-ORG", "I-ORG", "I-ORG"], "sample_id": 260}
{"x": ["-", "Princeton", "Lymnn", ",", "the", "U.ZS.", "Under-Secretary", "of", "State", "for", "International", "Organisations", ",", "will", "on", "Wednesday", "continue", "his", "work", "in", "Angoal", "visiting", "Bailgundo", ",", "where", "he", "should", "be", "received", "by", "Jonas", "Savimli", ",", "leader", "of", "Uniat", "."], "y": ["O", "B-PER", "I-PER", "O", "O", "B-LOC", "O", "O", "O", "O", "O", "O", "O", "O", "O", "O", "O", "O", "O", "O", "B-LOC", "O", "B-LOC", "O", "O", "O", "O", "O", "O", "O", "B-PER", "I-PER", "O", "O", "O", "B-ORG", "O"], "sample_id": 261}
{"x": ["S.AFRICQN", "TRUTH", "BODY", "TO", "SUMMON", "APARTHEID", "POLICE", "."], "y": ["B-MISC", "O", "O", "O", "O", "O", "O", "O"], "sample_id": 262}
{"x": ["\"", "We", "can", "subpoena", "anyone", "we", "want", "to", ",", "even", "the", "president", "of", "the", "country", ",", "\"", "spokesman", "John", "Allon", "told", "Reuttrs", ".", "\""], "y": ["O", "O", "O", "O", "O", "O", "O", "O", "O", "O", "O", "O", "O", "O", "O", "O", "O", "O", "B-PER", "I-PER", "O", "B-ORG", "O", "O"], "sample_id": 263}
{"x": ["Arch", "Albreta", "well", "tests", "1,100", "bbl", "/", "day", "."], "y": ["B-ORG", "B-LOC", "O", "O", "O", "O", "O", "O", "O"], "sample_id": 272}
{"x": ["Arch", "Petroleum", "In", "said", "Wednesday", "an", "exploratory", "well", "in", "Albernta", "'s", "Morinqille", "area", "tested", "in", "excess", "of", "1,100", "barrels", "daily", "and", "will", "begin", "production", "immediately", "."], "y": ["B-ORG", "I-ORG", "I-ORG", "O", "O", "O", "O", "O", "O", "B-LOC", "O", "B-LOC", "O", "O", "O", "O", "O", "O", "O", "O", "O", "O", "O", "O", "O", "O"], "sample_id": 273}
{"x": ["The", "company", "said", "the", "90", "percent", "owned", "Trax", "et", "al", "Morniville", "10-23", "logged", "28", "feet", "of", "productive", "Leduc", "Reqef", "at", "5,350", "feet", "."], "y": ["O", "O", "O", "O", "O", "O", "O", "B-MISC", "I-MISC", "I-MISC", "I-MISC", "I-MISC", "O", "O", "O", "O", "O", "B-LOC", "I-LOC", "O", "O", "O", "O"], "sample_id": 274}